CompanyName,Year,Climate Change,Sustainability,Carbon Neutral,Net Zero Commitment,Operational Waste,Waste Management,Waste Water Stewardship,Carbon Emissions,Carbon Footprint,Energy Efficiency,Data Center Efficiency,Environmental Management,Environment health safety,Social Environmental Justice,Internet Access,Philanthropy,Donation,Work Engagement,Employee Engagement,Accessibility,Employee Relations,Talent Development,Community Engagement,Public Policy Advocacy,Diversity,Equity,Inclusion,Data Privacy,Data Security,Human Rights,False Information,Workforce Development,Education,Wellness,Wellbeing,Mental Health,Healthcare Support,Disaster Relief,Innovation,Entrepreneurship,Supplier Engagement,Responsible Sourcing,Tax Practices,Stakeholder Engagement,Transparent Report,Competitive Behavior,Small Business Support,Responsible Design,Artificial Intelligence Research,Artificial Intelligence Ethics,Artificial Intelligence,Machine Learning,Content Governance,Trust Integrity,Governance Ethics,Corporate Governance
IRE,2019,0.012222190157876522,0.01959055086651667,0.0,0.0,0.0,0.0,0.0,0.0,0.0,0.0,0.0,0.0,0.0,0.0,0.0,0.0,0.0,0.0,0.0,0.0,0.0,0.0,0.006111095078938261,0.0,0.009795275433258335,0.0024488188583145836,0.004897637716629167,0.0,0.0,0.006111095078938261,0.0,0.0,0.0,0.0,0.009795275433258335,0.0,0.0,0.0,0.004897637716629167,0.0,0.0,0.0,0.0,0.0,0.0,0.0,0.0,0.0,0.0,0.0,0.006111095078938261,0.006111095078938261,0.0,0.0,0.0,0.06111095078938261
ISD,2019,0.009832314102932033,0.07781217644183747,0.0,0.0,0.0,0.009832314102932033,0.0,0.0,0.0,0.009832314102932033,0.0,0.0,0.0,0.0,0.0,0.0,0.0,0.0,0.019664628205864065,0.0,0.0,0.0,0.04916157051466016,0.0,0.010374956858911662,0.0,0.010374956858911662,0.0,0.0,0.06882619872052423,0.0,0.0,0.0,0.005187478429455831,0.010374956858911662,0.019664628205864065,0.0,0.0,0.020749913717823323,0.0,0.0,0.0,0.0,0.0,0.0,0.0,0.0,0.0,0.0,0.0,0.009832314102932033,0.0,0.0,0.0,0.0,0.04916157051466016
NXT,2019,0.024476750564797606,0.08936699868386529,0.03263566741973014,0.0,0.0,0.020397292137331338,0.0,0.040794584274662676,0.0,0.09382754383172415,0.0,0.01631783370986507,0.0,0.0,0.0,0.00279271870887079,0.0,0.0,0.01631783370986507,0.0,0.0,0.0,0.0,0.0,0.033512624506449484,0.0,0.016756312253224742,0.0,0.0,0.0040794584274662675,0.0,0.0,0.0,0.00558543741774158,0.0,0.008158916854932535,0.0,0.0,0.00279271870887079,0.0,0.0,0.0,0.0,0.0040794584274662675,0.0,0.0,0.0,0.0,0.0,0.0,0.024476750564797606,0.01631783370986507,0.0,0.0,0.0,0.020397292137331338
SGT,2019,0.1696867744460547,0.10968456774601773,0.014140564537171225,0.0,0.0,0.018854086049561635,0.0,0.051848736636294496,0.042421693611513676,0.0,0.0,0.0,0.0,0.0,0.0,0.00769716264884335,0.0,0.0,0.0,0.0,0.0,0.0,0.004713521512390409,0.0,0.021167197284319213,0.0,0.02886435993316256,0.014140564537171225,0.0,0.02828112907434245,0.0,0.0,0.005772871986632512,0.009621453311054188,0.026940069270951723,0.0,0.0,0.0,0.048107266555270936,0.0,0.014140564537171225,0.0,0.0,0.004713521512390409,0.0,0.0,0.0,0.0,0.0,0.0,0.03299465058673286,0.014140564537171225,0.0,0.0,0.0,0.014140564537171225
Acer,2019,0.05601994064771731,0.04460217985978185,0.0,0.0,0.001018544375413042,0.006111266252478252,0.0,0.012222532504956503,0.004074177501652168,0.0,0.0,0.02648215376073909,0.004126406925523646,0.0,0.0,0.02437026322235503,0.0009196325744284917,0.0,0.01018544375413042,0.00045981628721424587,0.0,0.0,0.007129810627891294,0.0,0.005057979159356704,0.0013794488616427375,0.02437026322235503,0.0,0.0,0.09981734879047811,0.0,0.0,0.0,0.0009196325744284917,0.0018392651488569835,0.001018544375413042,0.0,0.0,0.07449023852870783,0.00045981628721424587,0.001018544375413042,0.007129810627891294,0.0,0.0,0.0,0.0,0.0,0.0,0.0,0.0,0.07231665065432598,0.0,0.0,0.0,0.003055633126239126,0.22713539571710836
Huawei,2019,0.030190400709193897,0.1281601079045484,0.0,0.0,0.0,0.0,0.0,0.07410371083165775,0.027445818826539906,0.027445818826539906,0.0,0.0,0.09109466888263094,0.0,0.0027445818826539905,0.0,0.0010012508430042844,0.0,0.0,0.0,0.005489163765307981,0.0027445818826539905,0.0027445818826539905,0.0,0.003003752529012853,0.008010006744034275,0.038047532034162806,0.0,0.0,0.021956655061231924,0.0027445818826539905,0.0,0.0,0.0010012508430042844,0.008010006744034275,0.0,0.0,0.005489163765307981,0.031038776133132814,0.0,0.0,0.0,0.0,0.0,0.0,0.0,0.0,0.0,0.0,0.0,0.1756532404898554,0.005489163765307981,0.0,0.0,0.0,0.0027445818826539905
Adva,2019,0.012603192635533228,0.3683900542140821,0.0015753990794416535,0.0,0.0,0.0015753990794416535,0.0,0.03308338066827472,0.00472619723832496,0.02205558711218315,0.0,0.01417859171497488,0.0,0.0,0.0,0.0,0.0,0.0,0.0,0.0,0.0,0.0,0.003150798158883307,0.0,0.002600400382687638,0.0,0.0,0.0,0.0,0.11657953187868235,0.0,0.0,0.0,0.0,0.0017336002551250921,0.0,0.0,0.0,0.009534801403188006,0.0,0.0015753990794416535,0.0,0.0,0.0,0.0,0.0,0.0,0.0,0.0,0.0,0.0,0.0,0.0,0.0,0.0,0.0
BangOlufsen,2019,0.006676614815646778,0.0,0.0,0.0,0.0,0.0,0.0,0.0,0.006676614815646778,0.020029844446940333,0.0,0.0,0.0,0.0,0.0,0.0,0.0,0.0,0.04005968889388067,0.0,0.0,0.0,0.0,0.0,0.0,0.0,0.0,0.0,0.0,0.020029844446940333,0.0,0.0,0.0,0.0,0.023220259381034093,0.04673630370952745,0.0,0.0,0.038700432301723486,0.0,0.0,0.0,0.0,0.0,0.0,0.0,0.0,0.0,0.0,0.0,0.020029844446940333,0.0,0.0,0.0,0.0,0.0
Barco,2019,0.01593802594213277,0.2781012556067377,0.0,0.0,0.007969012971066385,0.0,0.0,0.01593802594213277,0.051798584311931496,0.03984506485533192,0.0,0.0,0.006237343238042665,0.0,0.0,0.0,0.0,0.0,0.02390703891319915,0.0,0.0,0.0,0.027891545398732343,0.0,0.012243451504699144,0.008745322503356532,0.010494387004027838,0.0,0.0,0.011953519456599575,0.0,0.0,0.0,0.0,0.010494387004027838,0.0,0.0,0.0,0.0034981290013426126,0.0034981290013426126,0.0,0.007969012971066385,0.0,0.0,0.0,0.0,0.0,0.0,0.0,0.0,0.03586055836979873,0.0,0.0,0.0,0.0,0.003984506485533192
Bechtle,2019,0.003419767854886698,0.19342459145747695,0.0,0.0,0.0,0.003419767854886698,0.0,0.003419767854886698,0.0,0.003419767854886698,0.0,0.03419767854886698,0.0,0.0,0.0,0.0,0.0011652083822739575,0.0,0.0,0.0,0.0,0.0,0.0,0.0,0.017478125734109364,0.0011652083822739575,0.0,0.0,0.01709883927443349,0.08891396422705415,0.0,0.0,0.002330416764547915,0.0,0.0011652083822739575,0.0,0.0,0.0,0.002330416764547915,0.0,0.0,0.0,0.0,0.003419767854886698,0.0,0.0,0.0,0.0,0.0,0.0,0.041037214258640375,0.0,0.0,0.0,0.0,0.07865466066239406
Bosch,2019,0.033306909759356365,0.15410471434772252,0.0071371949484335066,0.0,0.0,0.028548779793734026,0.0,0.002379064982811169,0.0071371949484335066,0.08088820941557974,0.0,0.014274389896867013,0.11161691815994779,0.0,0.0,0.0,0.0,0.0,0.0,0.0,0.0,0.0,0.0,0.0,0.007925385309311443,0.0,0.0008805983677012715,0.0,0.002379064982811169,0.030927844776545196,0.0,0.0,0.0,0.0,0.003522393470805086,0.014274389896867013,0.0,0.0,0.01761196735402543,0.0,0.0,0.0,0.0,0.0,0.0,0.0,0.0,0.0,0.0,0.0,0.1141951191749361,0.004758129965622338,0.0,0.0,0.0,0.028548779793734026
GK,2019,0.0,0.04680056220917058,0.0,0.0,0.0,0.0,0.0,0.0,0.0,0.024497500425543595,0.0,0.0,0.0,0.0,0.0,0.0,0.0,0.0,0.0,0.0,0.0,0.0,0.0,0.0,0.0,0.0,0.006240074961222745,0.0,0.0,0.04899500085108719,0.0,0.0,0.0,0.0,0.0031200374806113723,0.0,0.0,0.0,0.02808033732550235,0.0,0.0,0.0,0.0,0.0,0.0,0.0,0.0,0.0,0.0,0.0,0.0,0.0,0.0,0.0,0.0,0.0
Globalfoundries,2019,0.01092311037470482,0.00384754143101511,0.0,0.0,0.0,0.0,0.0,0.0,0.0,0.025487257540977918,0.0,0.01092311037470482,0.07081303759716472,0.0,0.0,0.00769508286203022,0.0,0.0,0.007282073583136548,0.0,0.0,0.0,0.02912829433254619,0.0,0.005771312146522665,0.0,0.0,0.003641036791568274,0.0,0.025487257540977918,0.0,0.0,0.0,0.01154262429304533,0.005771312146522665,0.0,0.0,0.0,0.001923770715507555,0.0,0.0,0.003641036791568274,0.0,0.01820518395784137,0.0,0.0,0.0,0.0,0.0,0.0,0.07282073583136547,0.0,0.0,0.003641036791568274,0.0,0.007282073583136548
Kitron,2019,0.004357681141825546,0.10424857545818353,0.0,0.0,0.0,0.0,0.0,0.0,0.0,0.0,0.0,0.008715362283651091,0.0,0.0,0.0,0.0,0.0,0.0,0.0,0.0,0.0,0.0,0.0,0.0,0.00548676712937808,0.0,0.0,0.0,0.0,0.05229217370190655,0.0,0.0,0.0,0.0,0.0,0.0,0.0,0.0,0.00548676712937808,0.0,0.0,0.004357681141825546,0.0,0.0,0.0,0.0,0.0,0.0,0.0,0.0,0.013073043425476638,0.0,0.0,0.0,0.0,0.017430724567302183
Rexel,2019,0.05871569517001025,0.015159033892438509,0.0,0.0,0.0,0.0,0.0,0.0,0.0,0.08807354275501537,0.0,0.0,0.0,0.0,0.0,0.0,0.0,0.0,0.0,0.0,0.0,0.0,0.0,0.0,0.006063613556975404,0.003031806778487702,0.006063613556975404,0.0,0.0,0.014678923792502562,0.0,0.0,0.0,0.0,0.0,0.0,0.0,0.0,0.030318067784877018,0.006063613556975404,0.007339461896251281,0.0,0.0,0.0,0.0,0.0,0.0,0.0,0.009833740212752129,0.0,0.08807354275501537,0.0,0.0,0.0,0.0,0.0
Simcorp,2019,0.018911361103317013,0.01943026372755469,0.012607574068878009,0.0,0.0,0.0,0.0,0.025215148137756018,0.012607574068878009,0.0,0.0,0.0,0.0,0.0,0.0,0.0,0.003886052745510938,0.0,0.0063037870344390045,0.0,0.0,0.0,0.0,0.0,0.023316316473065625,0.0,0.011658158236532812,0.0,0.0,0.056734083309951035,0.0,0.0,0.0,0.0,0.011658158236532812,0.0,0.0,0.0,0.0,0.003886052745510938,0.0,0.0,0.0,0.0,0.0,0.0,0.0,0.0,0.0,0.0,0.03151893517219502,0.0063037870344390045,0.0,0.0,0.0,0.03151893517219502
Sopra-steria,2019,0.076610485554141,0.021388311371937297,0.025536828518047002,0.0,0.0,0.0021280690431705832,0.0,0.0021280690431705832,0.0,0.0021280690431705832,0.0,0.0042561380863411664,0.0,0.0,0.0,0.0,0.0,0.0,0.0021280690431705832,0.009166419159401699,0.0,0.0,0.0063842071295117505,0.0,0.0061109461062678,0.0010184910177113,0.014258874247958199,0.0,0.0,0.048945587992923416,0.0,0.0,0.0,0.0,0.0050924550885565,0.0,0.0,0.0,0.028517748495916397,0.0040739640708452,0.0042561380863411664,0.0,0.0,0.0,0.0,0.0,0.0,0.0,0.0,0.0,0.027664897561217584,0.0,0.0,0.0,0.0063842071295117505,0.0
Ul-solutions,2019,0.008227179118145345,0.23061402720477456,0.0,0.0,0.0,0.01645435823629069,0.0,0.02468153735443604,0.04936307470887208,0.01645435823629069,0.0,0.0,0.0,0.0,0.0,0.0032944861029253506,0.0,0.0,0.0,0.0,0.0,0.008227179118145345,0.0,0.0,0.023061402720477454,0.013177944411701403,0.04612280544095491,0.0,0.0,0.02468153735443604,0.0,0.0,0.0,0.0032944861029253506,0.026355888823402805,0.008227179118145345,0.0,0.008227179118145345,0.013177944411701403,0.0,0.0,0.04113589559072673,0.0,0.0,0.0,0.0,0.0,0.0,0.0,0.0,0.0,0.0,0.0,0.0,0.0,0.0
BT,2019,0.22561973863525162,0.0858716079715071,0.0,0.0,0.004178143308060215,0.004178143308060215,0.0,0.08774100946926452,0.012534429924180645,0.012534429924180645,0.0,0.029247003156421505,0.0,0.0,0.0,0.0,0.0,0.0,0.00835628661612043,0.00763303181968952,0.0,0.0,0.0,0.0,0.00190825795492238,0.0,0.0095412897746119,0.0,0.0,0.08774100946926452,0.0,0.0,0.0,0.0,0.02671561136891332,0.020890716540301075,0.0,0.0,0.01144954772953428,0.0,0.004178143308060215,0.0,0.0,0.0,0.0,0.0,0.0,0.0,0.005265711143805086,0.0,0.03342514646448172,0.0,0.0,0.0,0.0,0.0
RSW,2019,0.01309120337581334,0.013700558480397817,0.0,0.0,0.01309120337581334,0.039273610127440024,0.0,0.0,0.0,0.0,0.0,0.039273610127440024,0.0,0.0,0.0,0.0,0.0,0.0,0.0,0.0,0.0,0.0,0.0,0.0,0.006850279240198908,0.0,0.006850279240198908,0.0,0.0,0.0654560168790667,0.0,0.0,0.0,0.0,0.006850279240198908,0.01309120337581334,0.0,0.0,0.020550837720596727,0.0,0.0,0.0,0.0,0.0,0.0,0.0,0.0,0.0,0.0,0.0,0.0,0.0,0.0,0.0,0.0,0.0
SPT,2019,0.05669053913846081,0.21174354095223677,0.0026995494827838484,0.0,0.0,0.0,0.0,0.06748873706959621,0.0026995494827838484,0.02969504431062233,0.0,0.043192791724541574,0.0,0.0,0.0,0.0,0.0,0.0,0.005399098965567697,0.0,0.0,0.0,0.0,0.0,0.012455502408955104,0.0,0.0012455502408955104,0.0,0.0,0.03239459379340618,0.0,0.0,0.0,0.0,0.003736650722686531,0.0,0.0,0.0,0.014946602890746124,0.0,0.008098648448351545,0.008098648448351545,0.0,0.0026995494827838484,0.0,0.0,0.0,0.0,0.0,0.0,0.01619729689670309,0.0,0.0,0.0,0.0,0.03239459379340618
VOD,2019,0.02762751694090609,0.006013370371791625,0.0,0.0,0.0,0.00581631935598023,0.0,0.002908159677990115,0.0,0.03926015565286655,0.0,0.010178558872965402,0.0,0.0,0.0014540798389950575,0.0,0.0,0.0,0.00581631935598023,0.0007516712964739531,0.0,0.0,0.004362239516985172,0.0,0.0015033425929479062,0.0015033425929479062,0.008268384261213483,0.0,0.0,0.07997439114472817,0.0,0.0,0.0,0.0007516712964739531,0.02630849537658836,0.0014540798389950575,0.0,0.0,0.03758356482369765,0.0045100277788437185,0.0,0.0,0.0,0.0,0.0,0.0,0.0,0.0,0.0,0.0,0.014540798389950574,0.008724479033970344,0.0,0.0,0.0,0.0014540798389950575
AAPL,2019,0.22989170946132045,0.009798785239541056,0.0,0.0,0.0,0.006269773894399649,0.0,0.04179849262933099,0.11494585473066023,0.060607814312529935,0.0,0.006269773894399649,0.00899130960339067,0.0,0.0,0.0,0.0,0.0,0.0,0.0,0.0,0.0,0.0,0.0,0.0,0.004899392619770528,0.0,0.0,0.0,0.004179849262933099,0.0,0.0,0.0,0.0,0.0,0.0,0.0,0.0,0.01567805638326569,0.0,0.0,0.004179849262933099,0.0,0.0,0.0,0.0,0.0,0.0,0.0,0.0,0.0,0.0,0.0,0.0,0.0,0.0
ACIW,2019,0.0,0.04268471962137989,0.0,0.0,0.0,0.007816795073779755,0.0,0.0,0.01563359014755951,0.0,0.0,0.0,0.0,0.0,0.0,0.0,0.0,0.0,0.0,0.0,0.0,0.0,0.2579542374347319,0.0,0.009485493249195532,0.0,0.004742746624597766,0.01563359014755951,0.007816795073779755,0.0,0.0,0.0,0.0,0.0,0.0,0.0,0.0,0.0,0.004742746624597766,0.0,0.0,0.0,0.0,0.0,0.0,0.0,0.0,0.0,0.0,0.0,0.2735878275822914,0.0,0.0,0.0,0.0,0.023450385221339264
ADBE,2019,0.0219989523248427,0.14980299476026346,0.0,0.0,0.0,0.0,0.0,0.0,0.005499738081210675,0.0,0.0,0.0,0.0,0.0,0.0,0.0,0.004405970434125396,0.0,0.005499738081210675,0.004405970434125396,0.0,0.005499738081210675,0.0,0.0,0.022029852170626977,0.0,0.026435822604752374,0.01099947616242135,0.016499214243632022,0.027498690406053374,0.0,0.0,0.0,0.004405970434125396,0.0,0.0,0.0,0.0,0.013217911302376187,0.0,0.0,0.0,0.0,0.0,0.0,0.0,0.0,0.0,0.0,0.0,0.005499738081210675,0.005499738081210675,0.0,0.0,0.0,0.005499738081210675
ADI,2019,0.015984832262111243,0.0648154364936328,0.0,0.0,0.0,0.0,0.0,0.0,0.0026641387103518736,0.02131310968281499,0.0,0.007992416131055622,0.006564861835792037,0.0,0.0,0.0016203859123408203,0.0,0.0,0.005328277420703747,0.0,0.0,0.013320693551759369,0.0026641387103518736,0.0,0.022685402772771483,0.011342701386385741,0.037268875983838864,0.0,0.0,0.02930552581387061,0.0,0.0,0.0032407718246816406,0.0,0.0032407718246816406,0.0,0.0,0.0,0.014583473211067382,0.0,0.0,0.007992416131055622,0.0,0.0,0.0,0.0,0.0,0.0,0.0,0.0,0.04795449678633373,0.0026641387103518736,0.0,0.0,0.0026641387103518736,0.055946912917389346
ADSK,2019,0.07747051355536343,0.08041353748138472,0.007747051355536342,0.0,0.0,0.0,0.0,0.0,0.007747051355536342,0.007747051355536342,0.0,0.0,0.0,0.0,0.0,0.014190624261420832,0.0,0.0,0.015494102711072684,0.004730208087140277,0.0,0.0,0.0,0.0,0.014190624261420832,0.004730208087140277,0.023651040435701386,0.0,0.0,0.1471939757551905,0.0,0.0,0.0,0.0,0.0,0.0,0.0,0.0,0.009460416174280555,0.0,0.0,0.0,0.0,0.0,0.0,0.0,0.0,0.0,0.0,0.0,0.0,0.0,0.0,0.0,0.0,0.0
AKAM,2019,0.022750787759664503,0.21884405476620428,0.0,0.0,0.0,0.022750787759664503,0.0,0.022750787759664503,0.022750787759664503,0.03412618163949675,0.0,0.0,0.0,0.0,0.0,0.0,0.0,0.0,0.0,0.0,0.0,0.0,0.0,0.0,0.0,0.0,0.0,0.0,0.0,0.0,0.0,0.0,0.0,0.0,0.0,0.0,0.0,0.0,0.009726402434053523,0.0,0.0,0.0,0.0,0.0,0.0,0.0,0.0,0.0,0.0,0.0,0.0,0.0,0.0,0.0,0.0,0.0
AMAT,2019,0.0646524933836763,0.20719734170278495,0.0,0.0,0.0,0.01469374849629007,0.0,0.011754998797032056,0.017632498195548085,0.017632498195548085,0.0,0.002938749699258014,0.3244109614099626,0.0,0.0,0.0,0.0,0.0,0.02350999759406411,0.0,0.0,0.0,0.005877499398516028,0.0,0.023859087832441905,0.00376722439459609,0.06404281470813353,0.0,0.0,0.03820374609035418,0.0,0.0,0.0,0.00376722439459609,0.0025114829297307266,0.0,0.0,0.0,0.01883612197298045,0.0,0.0,0.008816249097774042,0.0,0.0,0.0,0.0,0.0,0.0,0.0,0.0,0.02938749699258014,0.0,0.0,0.0,0.0,0.017632498195548085
AMD,2019,0.02231053741265801,0.0,0.0,0.0,0.0,0.0,0.0,0.0,0.0,0.06693161223797403,0.0,0.0,0.0,0.0,0.0,0.0,0.0,0.0,0.0,0.0,0.0,0.0,0.0,0.0,0.0,0.0,0.03672765801557938,0.02231053741265801,0.0,0.06693161223797403,0.0,0.0,0.012242552671859794,0.0,0.0,0.0,0.0,0.0,0.024485105343719588,0.0,0.0,0.0,0.0,0.0,0.0,0.0,0.0,0.0,0.0,0.0,0.17848429930126408,0.02231053741265801,0.0,0.0,0.0,0.0
ANSS,2019,0.0,0.029926709452740848,0.0,0.0,0.0,0.0,0.0,0.01244085216784311,0.0,0.01244085216784311,0.0,0.0,0.0,0.0,0.0,0.0,0.0,0.0,0.02488170433568622,0.0,0.0,0.0,0.0,0.0,0.023941367562192676,0.0,0.023941367562192676,0.04976340867137244,0.03732255650352933,0.111967669510588,0.0,0.0,0.0,0.0,0.0,0.0,0.0,0.0,0.0778094445771262,0.0,0.0,0.0,0.0,0.0,0.0,0.0,0.0,0.0,0.0,0.0,0.0,0.0,0.0,0.0,0.0,0.02488170433568622
AZPN,2019,0.0,0.04942444452899708,0.0,0.0,0.0,0.0,0.0,0.0,0.010872134550890703,0.021744269101781406,0.0,0.0,0.0,0.0,0.0,0.0,0.0,0.0,0.0,0.0,0.0,0.0,0.0,0.0,0.0,0.0,0.0,0.0,0.0,0.0,0.0,0.0,0.0,0.0,0.0,0.0,0.0,0.0,0.038441234633664396,0.010983209895332684,0.0,0.0,0.0,0.0,0.0,0.0,0.0,0.0,0.0,0.0,0.0,0.021744269101781406,0.0,0.0,0.0,0.07610494185623493
BLKB,2019,0.0,0.013281358985123077,0.0,0.0,0.0,0.0,0.0,0.0,0.0,0.007056967961720459,0.0,0.0,0.0,0.0,0.0,0.03984407695536923,0.0,0.0,0.007056967961720459,0.0,0.0,0.0,0.007056967961720459,0.0,0.004427119661707692,0.004427119661707692,0.004427119661707692,0.007056967961720459,0.014113935923440919,0.0,0.0,0.0,0.0,0.004427119661707692,0.0,0.0,0.0,0.0,0.01770847864683077,0.0,0.0,0.0,0.0,0.0,0.0,0.0,0.0,0.0,0.0,0.0,0.0,0.0,0.0,0.0,0.0,0.0
BRKS,2019,0.0,0.06270855882870835,0.0,0.0,0.0,0.041068925864504516,0.0,0.0,0.020534462932252258,0.041068925864504516,0.0,0.0,0.05507833195594369,0.0,0.0,0.0,0.0,0.0,0.006844820977417419,0.0,0.0,0.0,0.0,0.0,0.03448970735578959,0.003135427941435417,0.050166847062966674,0.0,0.0,0.061603388796756774,0.0,0.0,0.003135427941435417,0.006270855882870834,0.0,0.0,0.0,0.0,0.009406283824306251,0.0,0.0,0.034224104887087096,0.0,0.0,0.0,0.0,0.0,0.0,0.0,0.0,0.020534462932252258,0.034224104887087096,0.0,0.0,0.06844820977417419,0.047913746841921935
CDNS,2019,0.027177124141042616,0.04364888071146046,0.0,0.0,0.0,0.0,0.0,0.005435424828208523,0.02174169931283409,0.010870849656417046,0.0,0.0,0.0,0.0,0.0,0.0,0.0,0.0,0.005435424828208523,0.0,0.0,0.0,0.0,0.0,0.015588885968378737,0.018706663162054483,0.009353331581027241,0.027177124141042616,0.010870849656417046,0.016306274484625568,0.0,0.0,0.0,0.012471108774702989,0.009353331581027241,0.005435424828208523,0.0,0.0,0.04053110351778472,0.0,0.0,0.005435424828208523,0.0,0.0,0.0,0.0,0.0,0.0,0.0,0.0,0.08153137242312784,0.0,0.0,0.0,0.0,0.08696679725133637
CMCSA,2019,0.005592967126783536,0.02201377254714889,0.0,0.0,0.0,0.0,0.0,0.0,0.0,0.005592967126783536,0.0,0.0,0.0,0.0,0.0,0.002751721568393611,0.0,0.0,0.0,0.030268937252329722,0.0,0.005592967126783536,0.0,0.0,0.038524101957510555,0.005503443136787222,0.05503443136787223,0.0,0.0,0.0,0.0,0.0,0.0,0.0,0.002751721568393611,0.0,0.0,0.0,0.013758607841968057,0.0,0.0,0.005592967126783536,0.0,0.0,0.0,0.0,0.0,0.0,0.0,0.0,0.0,0.016778901380350607,0.0,0.0,0.0,0.0
CNSL,2019,0.0,0.013034364783429585,0.0,0.0,0.0,0.0,0.0,0.009880188152190548,0.0,0.0,0.0,0.0,0.0,0.0,0.0,0.019551547175144377,0.0,0.0,0.0,0.0,0.0,0.0,0.0,0.0,0.013034364783429585,0.0,0.039103094350288754,0.0,0.019760376304381096,0.049400940760952736,0.0,0.0,0.0,0.0,0.0,0.0,0.0,0.0,0.019551547175144377,0.0,0.0,0.0,0.0,0.0,0.0,0.0,0.0,0.0,0.0,0.0,0.0,0.0,0.0,0.0,0.0,0.0
COHU,2019,0.0,0.04205868652510079,0.0,0.0,0.0,0.013863506393873152,0.0,0.041590519181619455,0.0,0.027727012787746304,0.0,0.0,0.0,0.0,0.0,0.0,0.0,0.0,0.0,0.0,0.0,0.0,0.0,0.0,0.010514671631275197,0.0,0.010514671631275197,0.0,0.0,0.0,0.0,0.0,0.0,0.0,0.0,0.0,0.0,0.0,0.0,0.0,0.0,0.0,0.0,0.0,0.0,0.041590519181619455,0.0,0.0,0.0,0.0,0.0,0.0,0.0,0.0,0.0,0.0
COMM,2019,0.0579640820519219,0.2660144081922659,0.0,0.0,0.004830340170993492,0.014491020512980474,0.0,0.009660680341986983,0.012075850427483728,0.0893612931633796,0.0,0.007245510256490237,0.23742118316233862,0.0,0.0,0.0,0.0,0.0,0.012075850427483728,0.009744117516200216,0.002415170085496746,0.0,0.0,0.0,0.019488235032400433,0.006820882261340151,0.01851382328078041,0.0,0.019321360683973967,0.02173653076947071,0.0,0.0,0.0009744117516200215,0.003897647006480086,0.045797352326141016,0.007245510256490237,0.0,0.0,0.017539411529160387,0.0,0.002415170085496746,0.002415170085496746,0.0,0.0,0.0,0.0,0.0,0.0,0.0,0.0,0.038642721367947934,0.0,0.0,0.0,0.0,0.002415170085496746
CREE,2019,0.034437336206463984,0.0242570742368698,0.0,0.0,0.0,0.030993602585817584,0.0,0.0,0.003443733620646398,0.037881069827110384,0.0,0.024106135344524788,0.1528752725748885,0.0,0.0,0.0,0.0,0.0,0.017218668103231992,0.0,0.0,0.0,0.020662401723878388,0.0,0.003032134279608725,0.0,0.0015160671398043626,0.0,0.006887467241292796,0.05854347155098877,0.0,0.0,0.0015160671398043626,0.0121285371184349,0.010612469978630539,0.0,0.0,0.0,0.019708872817456716,0.0,0.0,0.0,0.0,0.0,0.0,0.0,0.0,0.0,0.0,0.0,0.041324803447756776,0.0,0.0,0.0,0.0,0.017218668103231992
CSCO,2019,0.004815003041006412,0.060370666265161826,0.0,0.0,0.005617503547840814,0.000802500506834402,0.0,0.00401250253417201,0.001605001013668804,0.040927525848554504,0.0,0.008827505575178422,0.0,0.0,0.000802500506834402,0.00036588282584946563,0.0,0.0,0.005617503547840814,0.0025611797809462593,0.003210002027337608,0.0,0.005617503547840814,0.0,0.006220008039440916,0.0014635313033978625,0.031100040197204578,0.05697753598524254,0.004815003041006412,0.155685098325874,0.0,0.0,0.0,0.02414826650606473,0.0025611797809462593,0.011235007095681628,0.0,0.001605001013668804,0.015732961511527022,0.0234165008543658,0.008827505575178422,0.07142254510826178,0.0,0.0,0.0,0.0,0.0,0.0,0.0,0.0,0.014445009123019235,0.002407501520503206,0.0,0.0,0.0,0.001605001013668804
CSIQ,2019,0.015433054392998783,0.020832941206212513,0.0,0.0,0.0,0.006173221757199514,0.0,0.021606276150198295,0.006173221757199514,0.003086610878599757,0.0,0.00925983263579927,0.07628766271937414,0.0,0.0,0.0,0.0,0.0,0.0,0.0,0.0,0.0,0.006173221757199514,0.0,0.0014880672290151797,0.0014880672290151797,0.0,0.0,0.0,0.003086610878599757,0.0,0.0,0.0014880672290151797,0.0,0.0014880672290151797,0.0,0.0,0.0,0.004464201687045539,0.0,0.0,0.003086610878599757,0.0,0.012346443514399027,0.0,0.0,0.0,0.0,0.0,0.0,0.04938577405759611,0.0,0.0,0.0,0.006173221757199514,0.006173221757199514
CTXS,2019,0.051331447835026536,0.21366412929490197,0.005703494203891837,0.0,0.0,0.0,0.0,0.02851747101945919,0.017110482611675512,0.017110482611675512,0.0,0.0,0.0,0.0,0.0,0.0029269058807520816,0.0,0.0,0.005703494203891837,0.01756143528451249,0.0,0.0,0.0,0.0,0.05268430585353747,0.023415247046016652,0.06731883525729788,0.005703494203891837,0.02851747101945919,0.005703494203891837,0.0,0.0,0.0,0.014634529403760409,0.0,0.011406988407783675,0.0,0.0,0.0,0.0,0.0,0.0,0.0,0.0,0.0,0.0,0.0,0.0,0.0,0.0,0.0,0.0,0.0,0.0,0.0,0.034220965223351024
DIOD,2019,0.029187664818451652,0.047777014202902174,0.0,0.0,0.0,0.019458443212301103,0.0,0.0,0.009729221606150551,0.007296916204612913,0.0,0.012161527007688189,0.03911232457177173,0.0,0.0,0.0,0.0,0.0,0.004864610803075276,0.0011652930293390774,0.0,0.0,0.014593832409225826,0.0,0.010487637264051696,0.0034958790880172323,0.018644688469425238,0.0,0.0,0.09729221606150551,0.0,0.0,0.0,0.011652930293390774,0.016314102410747083,0.007296916204612913,0.0,0.0,0.023305860586781548,0.0,0.002432305401537638,0.007296916204612913,0.0,0.0,0.0,0.004864610803075276,0.0,0.0,0.0,0.0,0.009729221606150551,0.0,0.0,0.0,0.0,0.05107841343229039
EPAY,2019,0.0,0.06296285500205587,0.0,0.0,0.0,0.0,0.0,0.0,0.009114668326330441,0.009114668326330441,0.0,0.0,0.0,0.0,0.0,0.012592571000411173,0.0,0.0,0.009114668326330441,0.0,0.0,0.0,0.0,0.0,0.0,0.0,0.0,0.0,0.0,0.0,0.0,0.0,0.0,0.0,0.0,0.0,0.0,0.0,0.0,0.0,0.0,0.0,0.0,0.0,0.0,0.0,0.0,0.0,0.0,0.0,0.0,0.009114668326330441,0.0,0.0,0.0,0.0
ERIC,2019,0.03616135486116713,0.20765026401047482,0.022600846788229455,0.0,0.0,0.054242032291750696,0.0,0.04068152421881302,0.04068152421881302,0.009040338715291783,0.0,0.018080677430583565,0.0,0.0,0.004520169357645891,0.0,0.0,0.0,0.0,0.00475534955749179,0.0,0.0,0.0,0.0,0.00792558259581965,0.0,0.02694698082578681,0.0,0.0,0.1536857581599603,0.0,0.0,0.0,0.0,0.0031702330383278597,0.0,0.0,0.0,0.006340466076655719,0.0,0.0,0.027121016145875348,0.0,0.0,0.0,0.004520169357645891,0.0,0.0,0.0,0.0,0.04068152421881302,0.013560508072937674,0.0,0.0,0.0,0.0
EXLS,2019,0.008705449260082926,0.17655825126711194,0.0,0.0,0.0,0.017410898520165852,0.0,0.0,0.013058173890124388,0.017410898520165852,0.0,0.004352724630041463,0.0235530581914513,0.0,0.0,0.0,0.0,0.0,0.0,0.0,0.0,0.008705449260082926,0.026116347780248777,0.0,0.022583032138816645,0.004106005843421208,0.022583032138816645,0.021763623150207315,0.008705449260082926,0.008705449260082926,0.0,0.0,0.0,0.0,0.006159008765131813,0.0,0.0,0.0,0.026689037982237852,0.0,0.004352724630041463,0.0,0.0,0.0,0.0,0.0,0.0,0.0,0.0,0.0,0.03046907241029024,0.03046907241029024,0.0,0.0,0.004352724630041463,0.09140721723087072
FB,2019,0.0,0.18455336763139055,0.0,0.0,0.0,0.0,0.0,0.0,0.0,0.0,0.0,0.0,0.0,0.0,0.0,0.0,0.0,0.0,0.0,0.0,0.0,0.0,0.0,0.0,0.0,0.0,0.0,0.0,0.0,0.0,0.0,0.0,0.0,0.0,0.0,0.0,0.0,0.0,0.0,0.0,0.0,0.0,0.0,0.0,0.0,0.0,0.0,0.0,0.0,0.0,0.0,0.0,0.0,0.0,0.0,0.0
FLEX,2019,0.06301817893570781,0.07940252337048977,0.0,0.0,0.0,0.01312878727827246,0.0,0.0,0.0,0.010503029822617967,0.0,0.08927575349225272,0.007245615917297824,0.0,0.0,0.001280685860814351,0.0,0.0,0.005251514911308984,0.0,0.002625757455654492,0.0,0.015754544733926953,0.0,0.01280685860814351,0.0,0.016648916190586564,0.0,0.0,0.16017120479492403,0.0,0.0,0.005122743443257404,0.006403429304071755,0.0038420575824430533,0.002625757455654492,0.0,0.007877272366963476,0.03457851824198748,0.006403429304071755,0.0,0.010503029822617967,0.0,0.01312878727827246,0.0,0.0,0.0,0.0,0.0,0.0,0.2967105924889576,0.005251514911308984,0.0,0.0,0.0,0.002625757455654492
FSLR,2019,0.027958529813153214,0.17192282254672578,0.0,0.0,0.0,0.0069896324532883036,0.0,0.0,0.027958529813153214,0.0034948162266441518,0.0,0.013979264906576607,0.0693539922933848,0.0,0.0,0.0,0.0,0.0,0.0,0.0,0.0,0.0,0.0,0.0,0.004524284803861205,0.024883566421236628,0.01809713921544482,0.0,0.0,0.03145334603979737,0.0,0.0,0.0,0.0,0.0,0.0,0.0,0.0,0.004524284803861205,0.0022621424019306025,0.0,0.0034948162266441518,0.0,0.0,0.0,0.0,0.0,0.0,0.0,0.0,0.010484448679932456,0.0,0.0,0.0,0.0,0.0
GOOG,2019,0.07944153899684367,0.05608857096675159,0.05416468567966613,0.0,0.0,0.010832937135933227,0.0,0.06860860186091043,0.02527685331717753,0.05777566472497721,0.0,0.0,0.0,0.0,0.0,0.0,0.0,0.0,0.0,0.0014022142741687898,0.0,0.0,0.0,0.0,0.0014022142741687898,0.0028044285483375796,0.0014022142741687898,0.0,0.0,0.007221958090622151,0.0,0.0,0.0,0.0,0.0028044285483375796,0.0,0.0,0.0,0.005608857096675159,0.0,0.0,0.0,0.0,0.0,0.0,0.0,0.0,0.0,0.0,0.0,0.11916230849526549,0.05777566472497721,0.0,0.0,0.0,0.0
GRMN,2019,0.0,0.03362149234790062,0.0,0.0,0.0,0.0,0.0,0.0,0.011664236870396087,0.0,0.0,0.023328473740792173,0.0,0.0,0.0,0.0,0.0,0.0,0.011664236870396087,0.0,0.0,0.0,0.0,0.0,0.005603582057983438,0.0,0.0,0.0,0.0,0.034992710611188256,0.0,0.0,0.0,0.0,0.0,0.0,0.0,0.0,0.01681074617395031,0.0,0.0,0.0,0.0,0.0,0.0,0.0,0.0,0.0,0.0,0.0,0.10497813183356478,0.0,0.0,0.0,0.0,0.011664236870396087
INFN,2019,0.013785647118213649,0.11027437467078915,0.0,0.0,0.0,0.006892823559106824,0.0,0.003446411779553412,0.0,0.013785647118213649,0.0,0.006892823559106824,0.03058359813274715,0.0,0.0,0.0,0.0,0.0,0.010339235338660236,0.004084236098918117,0.0,0.0,0.01723205889776706,0.0,0.022463298544049645,0.01633694439567247,0.01633694439567247,0.0,0.006892823559106824,0.058589000252408006,0.0,0.0,0.0,0.010210590247295292,0.010210590247295292,0.0,0.0,0.0,0.012252708296754351,0.0,0.006892823559106824,0.027571294236427298,0.0,0.0,0.0,0.0,0.0,0.0,0.0,0.0,0.006892823559106824,0.006892823559106824,0.0,0.0,0.0,0.2033382949936513
INTC,2019,0.07794451435216602,0.05096142222209077,0.0038021714318129765,0.0,0.0,0.009505428579532441,0.0,0.009505428579532441,0.0038021714318129765,0.051329314329475184,0.0,0.0038021714318129765,0.025973728514398116,0.0,0.0,0.0023164282828223074,0.0015442855218815385,0.0,0.007604342863625953,0.01698714074069692,0.0,0.0019010857159064882,0.0019010857159064882,0.0,0.08879641750818845,0.010809998653170769,0.04941713670020923,0.0019010857159064882,0.0,0.1311749143975477,0.0,0.0,0.0,0.00849357037034846,0.003088571043763077,0.0019010857159064882,0.0,0.0019010857159064882,0.02007571178446,0.0007721427609407692,0.007604342863625953,0.007604342863625953,0.0,0.0,0.0,0.0038021714318129765,0.002885969834933124,0.0,0.0,0.002885969834933124,0.10455971437485685,0.007604342863625953,0.0,0.0,0.009505428579532441,0.009505428579532441
INTU,2019,0.05026974540582741,0.028500565688845996,0.006283718175728426,0.0,0.0,0.0,0.0,0.012567436351456853,0.031418590878642134,0.012567436351456853,0.0,0.0,0.0,0.0,0.0,0.002590960517167818,0.005181921034335636,0.0,0.006283718175728426,0.018136723620174725,0.0,0.0,0.012567436351456853,0.0,0.03368248672318163,0.044046328791852905,0.05959209189485981,0.0,0.012567436351456853,0.0,0.0,0.0,0.0,0.002590960517167818,0.005181921034335636,0.0,0.0,0.0,0.02590960517167818,0.015545763103006907,0.0,0.006283718175728426,0.0,0.0,0.0,0.0,0.0,0.0,0.0,0.0,0.012567436351456853,0.0,0.0,0.0,0.0,0.006283718175728426
ITRI,2019,0.021667569500871977,0.10474189502037355,0.0,0.0,0.0,0.007222523166957325,0.0,0.0,0.0,0.0288900926678293,0.0,0.01444504633391465,0.0,0.0,0.0,0.0,0.0,0.0,0.021667569500871977,0.0,0.0,0.0,0.007222523166957325,0.0,0.03388708368306203,0.0030806439711874574,0.006161287942374915,0.0,0.0,0.0577801853356586,0.0,0.0,0.0030806439711874574,0.0030806439711874574,0.009241931913562372,0.007222523166957325,0.0,0.0,0.018483863827124743,0.0,0.0,0.0,0.0,0.0,0.0,0.0,0.0,0.0,0.0,0.0,0.09389280117044523,0.0,0.0,0.0,0.0,0.0288900926678293
JNPR,2019,0.06034666002160265,0.08235708100592269,0.0,0.0,0.0,0.003176140001136981,0.0,0.01588070000568491,0.01588070000568491,0.057170520020465666,0.0,0.003176140001136981,0.03403977957867398,0.0,0.0,0.0045753933892179275,0.0,0.0,0.02223298000795887,0.0030502622594786185,0.0,0.003176140001136981,0.012704560004547925,0.0,0.01982670468661102,0.0015251311297393092,0.025927229205568256,0.01588070000568491,0.003176140001136981,0.0508182400181917,0.0,0.0,0.0,0.009150786778435855,0.0,0.0,0.0,0.0,0.022876966946089636,0.0015251311297393092,0.012704560004547925,0.01588070000568491,0.0,0.0,0.0,0.0,0.0,0.0,0.0,0.0,0.18103998006480793,0.003176140001136981,0.0,0.0,0.003176140001136981,0.19374454006935588
KE,2019,0.0,0.0061155502712392,0.0,0.0,0.0,0.0,0.0,0.0,0.0,0.01078327732034384,0.0,0.03234983196103152,0.044237395520380876,0.0,0.0,0.0,0.0,0.0,0.0,0.0,0.0,0.0,0.0,0.0,0.0122311005424784,0.0,0.0,0.0,0.0,0.02156655464068768,0.0,0.0,0.0,0.0061155502712392,0.0,0.0,0.0,0.0,0.0,0.0,0.0,0.0,0.0,0.0,0.0,0.0,0.0,0.0,0.0,0.0,0.02156655464068768,0.0,0.0,0.0,0.0,0.053916386601719206
KLIC,2019,0.01019545990204842,0.07057111726428658,0.0,0.0,0.0,0.03568410965716947,0.0,0.00509772995102421,0.01019545990204842,0.00509772995102421,0.0,0.01529318985307263,0.15229505594690312,0.0,0.0,0.001907327493629367,0.0,0.0,0.01019545990204842,0.0,0.0,0.0,0.0,0.0,0.005721982480888101,0.0,0.001907327493629367,0.0,0.0,0.02039091980409684,0.0,0.0,0.0,0.0,0.0,0.0,0.0,0.0,0.022887929923552403,0.0,0.00509772995102421,0.00509772995102421,0.0,0.0,0.0,0.0,0.0,0.0,0.0,0.0,0.03568410965716947,0.00509772995102421,0.0,0.0,0.0,0.01529318985307263
LOGI,2019,0.010296052931341086,0.24850591054343166,0.023166119095517444,0.0,0.0,0.0025740132328352715,0.0,0.0025740132328352715,0.09009046314923451,0.0180180926298469,0.0,0.0,0.00702277668626063,0.0,0.0,0.0,0.0,0.0,0.0025740132328352715,0.0,0.0,0.0,0.0,0.0,0.010300763131333955,0.0051503815656669776,0.012875953914167442,0.0,0.0025740132328352715,0.09009046314923451,0.0,0.0,0.0,0.0038627861742502327,0.02703950321975163,0.0,0.0,0.0,0.010300763131333955,0.0,0.0,0.005148026465670543,0.0,0.0025740132328352715,0.0,0.0,0.0,0.0,0.0,0.0,0.028314145561187987,0.0,0.0,0.0025740132328352715,0.028314145561187987,0.012870066164176358
LRCX,2019,0.019941967846269296,0.011736414207384098,0.0,0.0,0.0,0.002848852549467042,0.0,0.0,0.002848852549467042,0.03988393569253859,0.0,0.005697705098934084,0.021328017263453947,0.0,0.0,0.0029341035518460246,0.0,0.0,0.017093115296802252,0.0014670517759230123,0.005697705098934084,0.0,0.008546557648401126,0.0,0.014670517759230122,0.0,0.03227513907030627,0.0,0.0,0.04273278824200563,0.0,0.0,0.0,0.016137569535153135,0.008802310655538074,0.002848852549467042,0.0,0.0,0.041077449725844345,0.0,0.0,0.002848852549467042,0.0,0.0,0.0,0.0,0.0,0.0,0.0,0.0,0.01424426274733521,0.0,0.0,0.0,0.005697705098934084,0.0
MCHP,2019,0.02558222550483254,0.07063753550014737,0.0,0.0,0.0,0.0,0.0,0.02558222550483254,0.01279111275241627,0.019186669128624406,0.0,0.0,0.035145911293865906,0.0,0.0,0.0,0.0,0.0,0.006395556376208135,0.0,0.0,0.0,0.0,0.0,0.00565100284001179,0.0,0.002825501420005895,0.0,0.0,0.08314223289070576,0.0,0.006395556376208135,0.002825501420005895,0.016953008520035368,0.0,0.0,0.0,0.0,0.014127507100029474,0.0,0.0,0.0,0.0,0.006395556376208135,0.0,0.0,0.0,0.0,0.0,0.0,0.17268002215761966,0.0,0.0,0.0,0.0,0.006395556376208135
MSFT,2019,0.03399630412271275,0.08198775336136985,0.006799260824542549,0.0,0.0,0.0,0.0,0.020397782473627647,0.0,0.006799260824542549,0.0,0.0,0.0,0.0,0.027197043298170197,0.0030365834578285128,0.0,0.0,0.006799260824542549,0.05465850224091323,0.0,0.0,0.006799260824542549,0.0,0.00910975037348554,0.0,0.027329251120456616,0.0,0.0,0.29236821545532965,0.0,0.0,0.0,0.0030365834578285128,0.0030365834578285128,0.0,0.0,0.0,0.03340241803611364,0.0,0.0,0.10878817319268079,0.0,0.0,0.0,0.0,0.0,0.0,0.0,0.0,0.5099445618406913,0.006799260824542549,0.0,0.0,0.0,0.0
MXIM,2019,0.023652892814522247,0.01923248160058971,0.0,0.0,0.004730578562904449,0.028383471377426694,0.0,0.0,0.004730578562904449,0.033114049940331146,0.0,0.028383471377426694,0.006585363699018773,0.0,0.0,0.0,0.0,0.0,0.018922314251617795,0.0,0.0,0.0,0.023652892814522247,0.0,0.021369424000655234,0.029917193600917324,0.021369424000655234,0.0,0.0,0.05676694275485339,0.0,0.0,0.0021369424000655234,0.023506366400720756,0.010684712000327617,0.0,0.0,0.0,0.017095539200524187,0.0,0.004730578562904449,0.0,0.0,0.004730578562904449,0.0,0.014191735688713347,0.0,0.0,0.0,0.0,0.07568925700647118,0.0,0.0,0.0,0.1939537210790824,0.06149752131775784
NLOK,2019,0.106956322072031,0.011844224612375054,0.0,0.0,0.0,0.006291548357178294,0.0,0.0,0.0,0.012583096714356588,0.0,0.0,0.0,0.0,0.0,0.0029610561530937635,0.0,0.0,0.018874645071534885,0.0029610561530937635,0.0,0.0,0.031457741785891474,0.0,0.05329901075568774,0.00888316845928129,0.06218217921496903,0.0,0.0,0.14470561221510078,0.0,0.0,0.0,0.0029610561530937635,0.0,0.0,0.0,0.0,0.005922112306187527,0.0029610561530937635,0.006291548357178294,0.006291548357178294,0.0,0.0,0.0,0.0,0.0,0.0,0.0,0.0,0.006291548357178294,0.0,0.0,0.0,0.0,0.012583096714356588
NTAP,2019,0.023359215841171586,0.026156643826168485,0.0,0.0,0.0,0.0,0.0,0.0,0.007786405280390529,0.04671843168234317,0.0,0.015572810560781058,0.0,0.0,0.0,0.006539160956542121,0.0,0.0,0.015572810560781058,0.0,0.0,0.0,0.015572810560781058,0.0,0.045774126695794844,0.0,0.03269580478271061,0.038932026401952646,0.023359215841171586,0.10900967392546741,0.0,0.0,0.0,0.0032695804782710606,0.006539160956542121,0.0,0.0,0.007786405280390529,0.013078321913084242,0.0,0.0,0.0,0.0,0.007786405280390529,0.0,0.0,0.0,0.0,0.0,0.0,0.031145621121562116,0.0,0.0,0.015572810560781058,0.038932026401952646,0.007786405280390529
NTGR,2019,0.0,0.023589892481053584,0.0,0.0,0.0,0.0,0.0,0.0,0.0,0.0,0.0,0.0,0.0,0.0,0.0,0.0,0.0,0.0,0.0,0.0,0.0,0.0,0.0,0.0,0.0,0.0,0.0,0.0,0.0,0.0,0.0,0.0,0.0,0.0,0.0,0.0,0.0,0.0,0.0,0.0,0.0,0.0,0.0,0.0,0.0,0.0,0.0,0.0,0.0,0.0,0.0,0.0,0.0,0.0,0.0,0.0
NVDA,2019,0.05576673462116088,0.02202804673322076,0.0,0.0,0.00697084182764511,0.00697084182764511,0.0,0.017427104569112777,0.003485420913822555,0.024397946396757884,0.0,0.024397946396757884,0.04505773200348421,0.0,0.0,0.007342682244406921,0.0,0.0,0.031368788224403,0.0,0.0,0.0,0.00697084182764511,0.0,0.03083926542650907,0.005874145795525537,0.03083926542650907,0.0,0.0,0.031368788224403,0.0,0.0,0.0,0.005874145795525537,0.0014685364488813842,0.003485420913822555,0.0,0.0,0.020559510284339378,0.0,0.003485420913822555,0.003485420913822555,0.0,0.01394168365529022,0.0,0.0,0.0,0.0,0.022528866001742105,0.0,0.3485420913822555,0.017427104569112777,0.0,0.0,0.0,0.04182505096587066
NXPI,2019,0.030229400504506933,0.1671442374072849,0.0,0.0,0.0,0.005334600089030635,0.0,0.0,0.028451200474830053,0.014225600237415027,0.0,0.012447400207738149,0.061191260083300655,0.0,0.0,0.0,0.0,0.0,0.0,0.0,0.0,0.0,0.0035564000593537566,0.0,0.006464141778182289,0.0009234488254546128,0.005540692952727677,0.0,0.0,0.12091760201802773,0.0,0.0,0.0,0.0027703464763638385,0.0018468976509092255,0.0,0.0,0.0,0.010157937080000741,0.0,0.2204968036799329,0.012447400207738149,0.0,0.0035564000593537566,0.0,0.0017782000296768783,0.0,0.0,0.0,0.0,0.058680600979336986,0.0035564000593537566,0.0,0.0,0.21160580353154854,0.008891000148384391
ON,2019,0.022652856176657202,0.04467936245074861,0.0,0.0,0.0,0.020135872157028622,0.0,0.0050339680392571555,0.010067936078514311,0.022652856176657202,0.0,0.0050339680392571555,0.024272947807932023,0.0,0.0,0.0038296596386355954,0.0,0.0,0.022652856176657202,0.0012765532128785318,0.0,0.0,0.015101904117771467,0.0,0.034466936747720354,0.007659319277271191,0.04084970281211302,0.0025169840196285777,0.0,0.07550952058885733,0.0,0.0,0.0,0.010212425703028254,0.0038296596386355954,0.0025169840196285777,0.0,0.007550952058885734,0.025531064257570634,0.0012765532128785318,0.007550952058885734,0.022652856176657202,0.0,0.0,0.0,0.0,0.0,0.0,0.0,0.0,0.007550952058885734,0.0,0.0,0.0,0.027686824215914355,0.025169840196285778
PANL,2019,0.008384436163006371,0.028361706015567322,0.0,0.0,0.0,0.016768872326012742,0.0,0.0,0.008384436163006371,0.04192218081503185,0.0,0.0,0.25199284433785213,0.0,0.0,0.0,0.0,0.0,0.033537744652025483,0.0,0.0,0.0,0.008384436163006371,0.0,0.012155016863814568,0.008103344575876378,0.024310033727629136,0.0,0.0,0.025153308489019113,0.0,0.0,0.0,0.0,0.0,0.0,0.0,0.0,0.024310033727629136,0.0,0.0,0.016768872326012742,0.0,0.0,0.0,0.0,0.0,0.0,0.0,0.0,0.008384436163006371,0.0,0.0,0.0,0.008384436163006371,0.033537744652025483
PARA,2019,0.03959938774970937,0.019921068077593366,0.0,0.0,0.0,0.0,0.0,0.0037713702618770834,0.0037713702618770834,0.0037713702618770834,0.0,0.0018856851309385417,0.0,0.0,0.0,0.0020969545344835124,0.0010484772672417562,0.0,0.0037713702618770834,0.0,0.0018856851309385417,0.0,0.0018856851309385417,0.0,0.025163454413802147,0.0,0.07024797690519767,0.016971166178446875,0.0037713702618770834,0.01131411078563125,0.0,0.0,0.0010484772672417562,0.0010484772672417562,0.0010484772672417562,0.016971166178446875,0.0,0.0,0.0020969545344835124,0.0,0.0,0.0,0.0,0.0,0.0,0.0018856851309385417,0.0,0.0,0.0,0.0,0.02639959183313958,0.0,0.0,0.0,0.0,0.02639959183313958
PRGS,2019,0.0,0.05070744433589392,0.0,0.0,0.0,0.0,0.0,0.016301699785346797,0.032603399570693595,0.016301699785346797,0.0,0.0,0.0,0.0,0.0,0.02535372216794696,0.0,0.0,0.0,0.0,0.0,0.0,0.0,0.0,0.033804962890595945,0.0,0.06760992578119189,0.0,0.0,0.081508498926734,0.0,0.0,0.0,0.04225620361324493,0.02535372216794696,0.0,0.0,0.0,0.008451240722648986,0.0,0.0,0.0,0.0,0.0,0.0,0.0,0.0,0.0,0.0,0.0,0.0,0.016301699785346797,0.0,0.0,0.0,0.0
PTC,2019,0.0,0.04934077053477808,0.0,0.0,0.0,0.0,0.0,0.024432065650807716,0.012216032825403858,0.0,0.0,0.0,0.0,0.0,0.0,0.004934077053477808,0.0,0.0,0.0,0.0,0.0,0.0,0.0,0.0,0.044406693481300274,0.004934077053477808,0.05427484758825589,0.0,0.024432065650807716,0.0610801641270193,0.0,0.0,0.0,0.009868154106955617,0.004934077053477808,0.0,0.0,0.0,0.044406693481300274,0.0,0.0,0.0,0.0,0.0,0.0,0.0,0.0,0.0,0.0,0.0,0.024432065650807716,0.0,0.0,0.0,0.0,0.0
QCOM,2019,0.004999937501171851,0.04744027323095313,0.0,0.0,0.0,0.004999937501171851,0.0,0.0,0.0,0.0,0.0,0.009999875002343702,0.007067181930127675,0.0,0.0,0.0023720136615476566,0.0,0.0,0.004999937501171851,0.0023720136615476566,0.0,0.0,0.0,0.0,0.03558020492321485,0.004744027323095313,0.03558020492321485,0.0,0.0,0.03499956250820296,0.0,0.0,0.0,0.0,0.02846416393857188,0.004999937501171851,0.0,0.0,0.07353242350797735,0.004744027323095313,0.0,0.004999937501171851,0.0,0.0,0.0,0.0,0.0,0.0,0.0,0.0,0.04499943751054666,0.0,0.0,0.0,0.0,0.019999750004687403
QRVO,2019,0.034042861412544353,0.0074276086303597735,0.0,0.0,0.0,0.017021430706272177,0.0,0.0,0.0,0.025532146059408265,0.0,0.025532146059408265,0.0,0.0,0.0,0.0,0.0,0.0,0.0,0.0,0.008510715353136088,0.0,0.0,0.0,0.0,0.0,0.0,0.0,0.0,0.034042861412544353,0.0,0.0,0.0,0.014855217260719547,0.0074276086303597735,0.0,0.0,0.0,0.0,0.0,0.0,0.0,0.0,0.0,0.0,0.0,0.0,0.0,0.0,0.0,0.0,0.0,0.0,0.0,0.0,0.0
RAVN,2019,0.0,0.011625549411016563,0.0,0.0,0.0,0.0,0.0,0.0,0.0,0.0,0.0,0.0,0.0,0.0,0.0,0.005812774705508282,0.0,0.0,0.0,0.0,0.0,0.0,0.0,0.0,0.0,0.0,0.0,0.0,0.0,0.0,0.0,0.0,0.005812774705508282,0.0,0.005812774705508282,0.0,0.0,0.0,0.0,0.0,0.0,0.0,0.0,0.0,0.0,0.0,0.0,0.0,0.0,0.0,0.0470132963589574,0.0,0.0,0.0,0.0,0.0
RUN,2019,0.016084634831212384,0.0315000689064761,0.0,0.0,0.0,0.0,0.0,0.004021158707803096,0.02010579353901548,0.0,0.0,0.008042317415606192,0.0,0.0,0.0,0.0,0.0,0.0,0.004021158707803096,0.00225000492189115,0.004021158707803096,0.0,0.0,0.0,0.02025004429702035,0.0067500147656734495,0.011250024609455749,0.0,0.0,0.004021158707803096,0.0,0.0,0.0,0.013500029531346899,0.0090000196875646,0.004021158707803096,0.0,0.0,0.0067500147656734495,0.0,0.0,0.0,0.0,0.0,0.0,0.0,0.0,0.0,0.0,0.0,0.004021158707803096,0.0,0.0,0.0,0.0,0.06835969803265263
SEDG,2019,0.010121555995068202,0.17765215887527294,0.0,0.0,0.0,0.005060777997534101,0.0,0.005060777997534101,0.012651944993835252,0.0025303889987670506,0.0,0.0,0.0,0.0,0.0,0.0,0.0,0.0,0.0025303889987670506,0.0016603005502361956,0.0,0.0,0.0025303889987670506,0.0,0.008301502751180979,0.0,0.003320601100472391,0.0,0.0,0.06325972496917626,0.0,0.0,0.0,0.0,0.0,0.0,0.0,0.0,0.031545710454487716,0.0,0.0,0.0,0.0,0.0,0.0,0.0,0.0,0.0,0.0,0.0,0.0,0.0,0.0,0.0,0.0,0.01771272299136935
SNPS,2019,0.06054493496206035,0.032715648570136126,0.04843594796964828,0.0,0.02421797398482414,0.0,0.0,0.0,0.01210898699241207,0.0,0.0,0.0,0.0,0.0,0.0,0.016357824285068063,0.0,0.0,0.09687189593929656,0.0,0.0,0.0,0.01210898699241207,0.0,0.005452608095022688,0.010905216190045376,0.016357824285068063,0.01210898699241207,0.0,0.02421797398482414,0.0,0.0,0.0,0.010905216190045376,0.005452608095022688,0.0,0.0,0.0,0.04907347285520419,0.0,0.0,0.0,0.0,0.0,0.0,0.0,0.0,0.0,0.0,0.0,0.01210898699241207,0.0,0.0,0.0,0.04843594796964828,0.04843594796964828
SONO,2019,0.0,0.03486840218772033,0.01468525364350504,0.0,0.0,0.0,0.0,0.0,0.0,0.0,0.0,0.0,0.0,0.0,0.0,0.0,0.0,0.0,0.0,0.0,0.0,0.0,0.0,0.0,0.008717100546930083,0.0,0.02615130164079025,0.0,0.0,0.01468525364350504,0.0,0.0,0.017434201093860166,0.0,0.0,0.0,0.0,0.0,0.0,0.0,0.0,0.0,0.0,0.0,0.0,0.0,0.0,0.0,0.0,0.0,0.04405576093051512,0.0,0.0,0.0,0.0,0.0
SPWR,2019,0.0,0.11866510919732927,0.0,0.0,0.0,0.0,0.0,0.0,0.042894363300367125,0.0,0.0,0.0,0.02636146871214824,0.0,0.0,0.0,0.0,0.0,0.0,0.0,0.0,0.0,0.0,0.0,0.0,0.0,0.0,0.0,0.0,0.0,0.0,0.0,0.0,0.0,0.0,0.0,0.0,0.0,0.0,0.0,0.0,0.0,0.0,0.0,0.0,0.0,0.0,0.0,0.0,0.0,0.15013027155128494,0.0,0.0,0.0,0.0,0.0
STX,2019,0.018660099467277924,0.03885904942597541,0.0,0.0,0.0,0.007997185485976253,0.0,0.029323013448579596,0.0,0.002665728495325418,0.0,0.005331456990650836,0.025763690779094302,0.0,0.0,0.0012535177234185614,0.0,0.0,0.005331456990650836,0.0,0.0,0.0,0.04798311291585752,0.0,0.016295730404441298,0.0012535177234185614,0.03133794308546404,0.0,0.0,0.09063476884106421,0.0,0.0,0.0012535177234185614,0.020056283574696982,0.006267588617092807,0.0,0.0,0.0,0.020056283574696982,0.0,0.005331456990650836,0.007997185485976253,0.0,0.007997185485976253,0.0,0.0,0.0,0.0,0.0,0.0,0.17327235219615217,0.007997185485976253,0.0,0.0,0.02399155645792876,0.002665728495325418
SWIR,2019,0.006487218176023372,0.0542517492232705,0.006487218176023372,0.0,0.0,0.019461654528070117,0.0,0.012974436352046745,0.006487218176023372,0.0,0.0,0.0,0.0,0.0,0.0,0.0,0.0,0.0,0.0,0.0,0.0,0.0,0.0,0.0,0.03100099955615457,0.0,0.06200199911230914,0.006487218176023372,0.0,0.012974436352046745,0.0,0.0,0.0,0.015500499778077286,0.007750249889038643,0.03243609088011686,0.0,0.0,0.011625374833557965,0.0,0.0,0.0,0.0,0.0,0.0,0.0,0.0,0.0,0.0,0.0,0.012974436352046745,0.0,0.0,0.0,0.0,0.0
SWKS,2019,0.0,0.2195623379702164,0.0,0.0,0.0,0.01312159702703695,0.0,0.0,0.0,0.0,0.0,0.01312159702703695,0.0,0.0,0.0,0.0,0.0,0.0,0.0262431940540739,0.0,0.0,0.0,0.0,0.0,0.017802351727314845,0.0,0.005934117242438281,0.0,0.0,0.0,0.0,0.0,0.0,0.005934117242438281,0.005934117242438281,0.0,0.0,0.0,0.0,0.0,0.0,0.01312159702703695,0.0,0.0,0.0,0.0,0.0,0.0,0.0,0.0,0.0,0.0,0.0,0.0,0.0,0.03936479108111085
SYKE,2019,0.019575030072719157,0.058655664417270985,0.0124568373190031,0.0,0.0,0.01601593369586113,0.0,0.0017795481884290143,0.0,0.0,0.0,0.014236385507432114,0.0,0.0,0.0,0.0,0.0010664666257685633,0.0,0.0,0.0,0.0,0.010677289130574086,0.0035590963768580286,0.0,0.0063987997546113805,0.0,0.0021329332515371267,0.0,0.0,0.048047801087583386,0.0,0.0,0.0,0.0010664666257685633,0.0,0.0,0.0,0.0,0.011731132883454197,0.0,0.0,0.0,0.0,0.0017795481884290143,0.0,0.0,0.0,0.0,0.0,0.0,0.4092960833386733,0.0,0.0,0.0,0.0,0.0017795481884290143
TEAM,2019,0.08466068268482455,0.1747408113322076,0.0,0.0,0.0,0.01693213653696491,0.0,0.0,0.01693213653696491,0.0,0.0,0.0,0.0,0.0,0.0,0.01747408113322076,0.0,0.0,0.03386427307392982,0.01747408113322076,0.0,0.0,0.0,0.0,0.01747408113322076,0.03494816226644152,0.01747408113322076,0.01693213653696491,0.0,0.11852495575875437,0.0,0.0,0.0,0.00873704056661038,0.0,0.050796409610894724,0.0,0.0,0.00873704056661038,0.0,0.0,0.0,0.0,0.0,0.0,0.0,0.0,0.0,0.0,0.0,0.03386427307392982,0.01693213653696491,0.0,0.0,0.0,0.06772854614785964
TER,2019,0.023776120528391672,0.03380170083822357,0.0,0.0,0.0,0.00951044821135667,0.0,0.0,0.004755224105678335,0.00951044821135667,0.0,0.00951044821135667,0.008828150890702656,0.0,0.0,0.006145763788767922,0.0,0.0,0.0,0.0,0.0,0.0,0.014265672317035002,0.0,0.009218645683151883,0.012291527577535844,0.003072881894383961,0.0,0.004755224105678335,0.06657313747949668,0.0,0.0,0.0,0.0,0.003072881894383961,0.0,0.0,0.0,0.018437291366303767,0.0,0.0,0.004755224105678335,0.0,0.004755224105678335,0.0,0.0,0.0,0.0,0.0,0.0,0.0,0.0,0.0,0.0,0.0,0.00951044821135667
TRMB,2019,0.0,0.020861647969430297,0.0,0.0,0.0,0.0,0.0,0.03456505649101418,0.0,0.0,0.0,0.0,0.0,0.0,0.0,0.0,0.0,0.0,0.0,0.0,0.0,0.0,0.0,0.0,0.0,0.0,0.0,0.0,0.0,0.0,0.0,0.0,0.0,0.0,0.0,0.0,0.0,0.0,0.0,0.0,0.0,0.0,0.0,0.0,0.0,0.0,0.0,0.0,0.0,0.0,0.0,0.0,0.0,0.0,0.0,0.0
TWOU,2019,0.0,0.07035491725501976,0.0,0.0,0.0,0.0,0.0,0.0,0.0,0.03537745688386125,0.0,0.0,0.0,0.0,0.0,0.0,0.0,0.0,0.0,0.0,0.0,0.0,0.0,0.0,0.011725819542503292,0.011725819542503292,0.023451639085006585,0.017688728441930625,0.017688728441930625,0.0,0.0,0.0,0.04690327817001317,0.011725819542503292,0.011725819542503292,0.017688728441930625,0.0,0.0,0.0,0.0,0.0,0.0,0.0,0.0,0.0,0.0,0.0,0.0,0.0,0.0,0.0,0.0,0.0,0.0,0.0,0.08844364220965313
TXN,2019,0.023385524758301652,0.10163585347293683,0.0,0.0,0.0,0.004251913592418482,0.0,0.0,0.002125956796209241,0.0,0.0,0.002125956796209241,0.0026686220003742578,0.0,0.0,0.003176120421029276,0.0,0.0,0.004251913592418482,0.0,0.0,0.004251913592418482,0.002125956796209241,0.0,0.014821895298136621,0.005293534035048794,0.020115429333185414,0.0,0.0,0.08503827184836964,0.0,0.0,0.0010587068070097587,0.0,0.0021174136140195174,0.0,0.0,0.0,0.004234827228039035,0.0,0.0,0.002125956796209241,0.0,0.0,0.0,0.0,0.0,0.0,0.0,0.0,0.006377870388627723,0.0,0.0,0.0,0.0,0.002125956796209241
VRNT,2019,0.0,0.12405664382128531,0.0,0.0,0.0,0.0,0.0,0.0,0.0,0.017439502660378896,0.0,0.043598756650947236,0.1438493248200544,0.0,0.0,0.0,0.0,0.0,0.0,0.0,0.0,0.0,0.043598756650947236,0.0,0.0,0.0,0.0,0.017439502660378896,0.0,0.017439502660378896,0.0,0.0,0.0,0.0,0.003759292237008646,0.0,0.0,0.0,0.03383363013307781,0.007518584474017292,0.0,0.008719751330189448,0.0,0.0,0.0,0.0,0.0,0.0,0.0,0.0,0.0,0.0,0.0,0.0,0.0,0.09591726463208393
VRTU,2019,0.07395370560392292,0.24807440091610178,0.0046221066002451825,0.0,0.0,0.027732639601471095,0.0,0.0,0.0,0.0,0.0,0.027732639601471095,0.04257461160120317,0.0,0.0,0.0,0.0,0.0,0.02311053300122591,0.008781394722693868,0.0,0.0,0.0,0.0,0.013172092084040802,0.0,0.010976743403367335,0.013866319800735548,0.0,0.12479687820661993,0.0,0.0,0.002195348680673467,0.002195348680673467,0.002195348680673467,0.0046221066002451825,0.0,0.0,0.04829767097481627,0.004390697361346934,0.013866319800735548,0.0,0.0,0.0,0.0,0.0,0.0,0.0,0.0,0.0,0.03697685280196146,0.009244213200490365,0.0,0.0,0.027732639601471095,0.05546527920294219
WDC,2019,0.009509158163439262,0.04579614038100662,0.0,0.0,0.0,0.0,0.0,0.0,0.0031697193878130873,0.0253577551025047,0.0,0.006339438775626175,0.04377908170568851,0.0,0.0,0.0,0.0,0.0,0.0,0.0,0.0,0.0031697193878130873,0.0,0.0,0.027138453559115035,0.0033923066948893794,0.03731537364378317,0.03486691326594396,0.0031697193878130873,0.1236190561247104,0.0,0.0,0.0016961533474446897,0.0033923066948893794,0.008480766737223448,0.0,0.0,0.0,0.008480766737223448,0.0,0.0,0.015848596939065436,0.0,0.0,0.0,0.0,0.0,0.0,0.0,0.0,0.03169719387813087,0.0,0.0,0.0,0.0,0.006339438775626175
XLNX,2019,0.03156670780473885,0.02347020185824609,0.0,0.0,0.0,0.01052223593491295,0.0,0.0,0.0,0.0210444718698259,0.0,0.0,0.13154479024050547,0.0,0.0,0.0,0.0,0.0,0.01052223593491295,0.0,0.0,0.0,0.01052223593491295,0.0,0.035205302787369136,0.0,0.029337752322807612,0.0,0.0,0.01052223593491295,0.0,0.0,0.0,0.005867550464561522,0.017602651393684568,0.0,0.0,0.0,0.041072853251930656,0.0,0.0,0.0,0.0,0.0,0.0,0.0,0.0,0.0,0.0,0.0,0.0210444718698259,0.0210444718698259,0.0,0.0,0.0,0.0210444718698259
ACN,2019,0.0326135296170604,0.05009123706728242,0.0,0.0,0.0,0.0,0.0,0.04766592790185751,0.007526199142398554,0.007526199142398554,0.0,0.0,0.0,0.0,0.0,0.0,0.0,0.0,0.0,0.01489198939838126,0.0,0.0,0.0,0.0,0.03113779601479718,0.00135381721803466,0.05686032315745572,0.015052398284797108,0.0,0.07275325837651936,0.0,0.0,0.0,0.00406145165410398,0.01083053774427728,0.025087330474661846,0.0,0.0,0.06498322646566368,0.00135381721803466,0.007526199142398554,0.0,0.0,0.0,0.0,0.0,0.0,0.0,0.0,0.0029985445598385736,0.2960304996010098,0.0025087330474661846,0.0,0.0025087330474661846,0.0,0.015052398284797108
AMX,2019,0.02655188114467857,0.192649700172024,0.00419240228600188,0.0,0.0,0.00419240228600188,0.0,0.0013974674286672932,0.0013974674286672932,0.006987337143336466,0.0,0.0027949348573345864,0.0,0.0,0.005589869714669173,0.0,0.0008960451170791815,0.0,0.0,0.004480225585395907,0.0,0.0013974674286672932,0.0013974674286672932,0.0,0.009856496287870995,0.005376270702475088,0.016128812107425266,0.0027949348573345864,0.0013974674286672932,0.0614885668613609,0.0,0.0,0.0008960451170791815,0.0008960451170791815,0.005376270702475088,0.0,0.0,0.0,0.01881694745866281,0.0062723158195542705,0.0,0.0,0.0,0.0,0.0,0.0013974674286672932,0.0,0.0,0.0,0.0,0.18586316801275,0.0,0.0,0.0,0.0027949348573345864,0.01816707657267481
ANET,2019,0.013281196296540787,0.045205336939676585,0.0,0.0,0.0,0.046484187037892755,0.0,0.0,0.0066405981482703935,0.03984358888962236,0.0,0.026562392593081574,0.0,0.0,0.0,0.0030136891293117726,0.0,0.0,0.0,0.0,0.0,0.0,0.05312478518616315,0.0,0.030136891293117724,0.0,0.027123202163805954,0.0,0.0,0.03320299074135197,0.0,0.0,0.0,0.03616426955174127,0.009041067387935317,0.0,0.0,0.0,0.015068445646558862,0.0,0.0,0.0,0.0,0.0066405981482703935,0.0,0.0066405981482703935,0.0,0.0,0.0,0.0,0.07304657963097433,0.0,0.0,0.0,0.0,0.05312478518616315
APH,2019,0.012313814305263151,0.10865675036483907,0.0,0.0,0.0,0.012313814305263151,0.0,0.0,0.0,0.0,0.0,0.0,0.015412455908699212,0.0,0.0,0.0,0.006036486131379948,0.0,0.0,0.0,0.0,0.0061569071526315754,0.0,0.0,0.015091215328449871,0.0,0.003018243065689974,0.0,0.0,0.043098350068421026,0.0,0.0,0.0,0.0,0.015091215328449871,0.0061569071526315754,0.0,0.0,0.009054729197069922,0.0,0.0061569071526315754,0.0,0.0,0.0061569071526315754,0.0,0.0,0.0,0.0,0.0,0.0,0.2955315433263156,0.0,0.0,0.0,0.03694144291578945,0.03694144291578945
ASGN,2019,0.0,0.05368668076532775,0.0,0.0,0.0,0.0,0.0,0.018743228767390492,0.0,0.0,0.0,0.018743228767390492,0.0,0.0,0.0,0.005368668076532775,0.0,0.0,0.028114843151085738,0.0,0.0,0.0,0.0,0.0,0.037580676535729426,0.005368668076532775,0.03221200845919665,0.0,0.056229686302171476,0.0,0.0,0.0,0.0,0.0,0.03221200845919665,0.0,0.0,0.0,0.16106004229598325,0.0,0.0,0.0,0.0,0.0,0.0,0.0,0.0,0.0,0.0,0.0,0.0,0.0,0.0,0.0,0.009371614383695246,0.11245937260434295
ASX,2019,0.07377591556753241,0.14360138709275996,0.0,0.0,0.0,0.014237457390225552,0.0,0.016826086006630197,0.02200334323943949,0.016826086006630197,0.0,0.007765885849213937,0.007956831933771476,0.0,0.0,0.0,0.0006084804537828813,0.0,0.03753511493786736,0.0,0.0,0.006471571541011615,0.015531771698427874,0.0,0.006693284991611694,0.0006084804537828813,0.003042402268914406,0.0,0.0,0.11001671619719744,0.0,0.0025886286164046456,0.0,0.0006084804537828813,0.005476324084045931,0.0,0.0,0.0,0.047461475395064734,0.0,0.0,0.006471571541011615,0.0,0.0,0.0,0.0,0.0,0.0,0.0,0.0,0.08671905864955563,0.006471571541011615,0.0,0.0,0.0,0.05436120094449756
ATT,2019,0.08013132264943447,0.057570686080733624,0.0,0.0,0.0,0.005008207665589654,0.0,0.0,0.015024622996768962,0.020032830662358617,0.0,0.0,0.0,0.0,0.020032830662358617,0.002302827443229345,0.0,0.0,0.010016415331179309,0.00921130977291738,0.0,0.0,0.015024622996768962,0.0,0.03223958420521083,0.00460565488645869,0.03454241164844017,0.0,0.005008207665589654,0.10517236097738274,0.0,0.0,0.002302827443229345,0.002302827443229345,0.006908482329688035,0.010016415331179309,0.0,0.0,0.020725446989064103,0.0,0.0,0.0,0.0,0.0,0.0,0.0,0.0,0.0,0.0,0.0,0.09515594564620343,0.020032830662358617,0.0,0.0,0.0,0.015024622996768962
BCE,2019,0.06490740937797516,0.009831023509699601,0.0,0.0,0.0024039781251101915,0.01682784687577134,0.0,0.004807956250220383,0.019231825000881532,0.0,0.0,0.019231825000881532,0.004210983599779402,0.0,0.0072119343753305745,0.0,0.0,0.0,0.0024039781251101915,0.018569711073877025,0.0,0.0,0.0,0.0,0.014200367291788314,0.008738687564177424,0.029493070529098806,0.0,0.004807956250220383,0.01682784687577134,0.0,0.0,0.0,0.007646351618655246,0.0054616797276108905,0.18510631563348473,0.0,0.0,0.014200367291788314,0.001092335945522178,0.0,0.0,0.0,0.0,0.0,0.0,0.0,0.0,0.0,0.0,0.024039781251101913,0.0024039781251101915,0.0,0.0,0.0024039781251101915,0.021635803125991723
BKI,2019,0.008378548215536519,0.06437694916425514,0.0,0.0,0.0,0.008378548215536519,0.0,0.0,0.008378548215536519,0.016757096431073037,0.0,0.0,0.0,0.0,0.0,0.0049520730126350115,0.0,0.0,0.0,0.0,0.0,0.0,0.0,0.0,0.024760365063175055,0.0,0.04952073012635011,0.0,0.0,0.008378548215536519,0.0,0.0,0.0,0.019808292050540046,0.019808292050540046,0.008378548215536519,0.0,0.0,0.03466451108844508,0.0,0.0,0.0,0.0,0.0,0.0,0.0,0.0,0.0,0.0,0.0,0.033514192862146075,0.0,0.0,0.0,0.0,0.041892741077682594
BMI,2019,0.0,0.10580074881404386,0.0,0.0,0.0,0.0,0.0,0.0,0.0,0.0,0.0,0.0,0.0,0.0,0.0,0.0,0.0,0.0,0.0,0.0,0.0,0.0,0.0,0.0,0.016705381391691136,0.016705381391691136,0.02227384185558818,0.0,0.0,0.020580314465491474,0.0,0.0,0.0,0.02227384185558818,0.01113692092779409,0.010290157232745737,0.0,0.0,0.02227384185558818,0.0,0.0,0.020580314465491474,0.0,0.0,0.0,0.0,0.0,0.0,0.0,0.0,0.0,0.0,0.0,0.0,0.0,0.020580314465491474
CAJ,2019,0.012507115445940565,0.07770571245287751,0.0,0.0,0.0,0.0012507115445940565,0.0,0.0,0.0037521346337821694,0.011256403901346508,0.0,0.022512807802693015,0.0,0.0,0.0,0.0,0.0,0.0,0.0,0.003415635712214396,0.0,0.0,0.0,0.0,0.0029886812481875968,0.003415635712214396,0.0029886812481875968,0.0,0.0,0.04502561560538603,0.0,0.0,0.0,0.0,0.0012808633920803985,0.005002846178376226,0.0,0.005002846178376226,0.01878599641717918,0.0,0.0,0.0,0.0,0.0,0.0,0.0,0.0,0.0,0.0,0.0,0.022512807802693015,0.0012507115445940565,0.0,0.0,0.0,0.022512807802693015
CHL,2019,0.02861395937093917,0.06615538300710101,0.0,0.0,0.0,0.007153489842734792,0.0,0.009537986456979723,0.0,0.0,0.0,0.007153489842734792,0.0,0.0,0.007153489842734792,0.001002354287986379,0.0,0.0,0.0,0.002004708575972758,0.0,0.002384496614244931,0.004768993228489862,0.0,0.008018834303891033,0.001002354287986379,0.001002354287986379,0.0,0.002384496614244931,0.014306979685469585,0.0,0.0,0.0,0.0,0.002004708575972758,0.009537986456979723,0.0,0.004768993228489862,0.06816009158307378,0.017040022895768444,0.0,0.0,0.0,0.0,0.0,0.0,0.0,0.0,0.0,0.0,0.06676590519885807,0.004768993228489862,0.0,0.0,0.0,0.02622946275669424
CLS,2019,0.05324146542647253,0.16262267736202088,0.0,0.0,0.0,0.0019014809080883047,0.0,0.0,0.0019014809080883047,0.011408885448529828,0.0,0.013310366356618133,0.01520518032543138,0.0,0.0,0.0,0.0012227268974588036,0.0,0.005704442724264914,0.0,0.0019014809080883047,0.0,0.011408885448529828,0.0,0.008559088282211625,0.0012227268974588036,0.015895449666964448,0.0,0.0,0.011408885448529828,0.0,0.0,0.0,0.02078635725679966,0.0012227268974588036,0.0038029618161766095,0.0,0.0,0.022009084154258465,0.0,0.0,0.0019014809080883047,0.0,0.0019014809080883047,0.0,0.0,0.0,0.0,0.0,0.0,0.418325799779427,0.013310366356618133,0.0,0.0,0.0,0.0019014809080883047
CTL,2019,0.024622029088999412,0.04309823417998022,0.0,0.0,0.0,0.00820734302966647,0.0,0.00820734302966647,0.00820734302966647,0.04103671514833235,0.0,0.01641468605933294,0.18762286726781,0.0,0.0,0.002535190245881189,0.0,0.0,0.004103671514833235,0.0,0.0,0.0,0.00820734302966647,0.0,0.017746331721168324,0.0,0.02788709270469308,0.00820734302966647,0.0,0.03282937211866588,0.0,0.0,0.0,0.005070380491762378,0.002535190245881189,0.0,0.0,0.0,0.005070380491762378,0.0,0.0,0.0,0.0,0.0,0.0,0.0,0.0,0.0,0.0,0.0,0.0,0.0,0.0,0.0,0.00820734302966647,0.012311014544499706
DELL,2019,0.002748393861320533,0.058735684921238096,0.0,0.0,0.005496787722641066,0.0,0.0,0.010993575445282133,0.0,0.005496787722641066,0.0,0.0,0.0,0.0,0.0,0.0,0.0,0.0,0.008245181583961599,0.0,0.0,0.0,0.013741969306602665,0.0,0.004998781695424519,0.0,0.012496954238561297,0.002748393861320533,0.0,0.024735544751884796,0.0,0.0,0.0,0.0012496954238561298,0.004998781695424519,0.0,0.0,0.0,0.01624604051012969,0.0012496954238561298,0.0,0.005496787722641066,0.0,0.0,0.0,0.0,0.0,0.0,0.0,0.0,0.002748393861320533,0.0,0.0,0.0,0.0,0.002748393861320533
DNB,2019,0.0,0.04457893447634325,0.0,0.0,0.0,0.0,0.0,0.0,0.0,0.014250856858528702,0.0,0.0,0.0,0.0,0.0,0.00891578689526865,0.00891578689526865,0.0,0.014250856858528702,0.0,0.0,0.0,0.014250856858528702,0.0,0.00891578689526865,0.0,0.0,0.0,0.0,0.014250856858528702,0.0,0.0,0.0178315737905373,0.0,0.0,0.0,0.0,0.014250856858528702,0.00891578689526865,0.0,0.0,0.0,0.0,0.0,0.0,0.0,0.0,0.0,0.0,0.0,0.0,0.0,0.0,0.014250856858528702,0.0,0.0
DOX,2019,0.027218442932874433,0.0554259516120199,0.0,0.0,0.0,0.006804610733218608,0.0,0.0,0.013609221466437216,0.03402305366609304,0.0,0.0,0.23491205475536533,0.0,0.0,0.0026393310291438045,0.0,0.0,0.03402305366609304,0.0,0.0,0.0,0.0,0.0,0.021114648233150436,0.0,0.03431130337886946,0.006804610733218608,0.0,0.013609221466437216,0.0,0.0,0.0,0.005278662058287609,0.04486862749544468,0.0,0.0,0.0,0.11876989631147121,0.0,0.0,0.006804610733218608,0.0,0.0,0.0,0.0,0.0,0.0,0.0,0.0,0.020413832199655823,0.013609221466437216,0.0,0.0,0.006804610733218608,0.054436885865748866
DXC,2019,0.0337388785464792,0.03424803930731845,0.0,0.0,0.0,0.0037487642829421336,0.0,0.007497528565884267,0.0,0.0,0.0,0.026241349980594936,0.019645408126281703,0.0,0.0,0.00297809037454943,0.0,0.0,0.01874382141471067,0.0,0.0,0.0,0.007497528565884267,0.0,0.0,0.0,0.016379497060021866,0.0,0.0037487642829421336,0.05623146424413201,0.0,0.0,0.0,0.00893427112364829,0.007445225936373576,0.0037487642829421336,0.0,0.007497528565884267,0.03573708449459316,0.0,0.0,0.0,0.0,0.0,0.0,0.0,0.0,0.0,0.0,0.0,0.0037487642829421336,0.014995057131768534,0.0,0.0,0.0,0.01874382141471067
ESE,2019,0.0,0.1855801507916963,0.0,0.0,0.0,0.0,0.0,0.06361817459326068,0.03817090475595641,0.012723634918652136,0.0,0.025447269837304273,0.0,0.0,0.0,0.0,0.0,0.0,0.012723634918652136,0.0,0.0,0.0,0.0,0.0,0.0,0.0,0.0,0.0,0.0,0.0,0.0,0.0,0.0,0.0,0.0,0.0,0.0,0.0,0.0,0.0,0.0,0.0,0.0,0.0,0.0,0.0,0.0,0.0,0.0,0.0,0.0,0.0,0.0,0.0,0.0,0.0
FDS,2019,0.013444941418501123,0.05563879696729159,0.0,0.0,0.0,0.0,0.0,0.0,0.0,0.013444941418501123,0.0,0.0,0.0,0.0,0.0,0.0,0.0,0.0,0.013444941418501123,0.0,0.0,0.0,0.013444941418501123,0.0,0.04172909772546869,0.0,0.09041304507184883,0.0,0.0,0.05377976567400449,0.0,0.0,0.0,0.06259364658820304,0.013909699241822898,0.0,0.0,0.0,0.006954849620911449,0.0,0.0,0.0,0.0,0.0,0.0,0.0,0.0,0.0,0.0,0.0,0.05377976567400449,0.0,0.0,0.0,0.013444941418501123,0.04033482425550337
FTV,2019,0.019133135554424693,0.025080263714319675,0.0,0.0,0.0,0.0,0.0,0.0,0.0,0.0,0.0,0.0,0.278115203285154,0.0,0.0,0.0,0.0,0.0,0.012755423702949796,0.0,0.0,0.0,0.0,0.0,0.03224605334698244,0.003582894816331382,0.05374342224497073,0.0,0.0,0.006377711851474898,0.0,0.0,0.003582894816331382,0.0,0.007165789632662764,0.006377711851474898,0.0,0.0,0.06807500151029626,0.0,0.0,0.012755423702949796,0.0,0.0,0.0,0.0,0.0,0.0,0.0,0.0,0.057399406663274075,0.012755423702949796,0.0,0.0,0.0,0.038266271108849385
GIB,2019,0.06379289742642105,0.1117434046332983,0.014176199428093568,0.0,0.0,0.014176199428093568,0.0,0.049616697998327484,0.007088099714046784,0.021264299142140352,0.0,0.08505719656856141,0.0,0.0,0.0,0.0,0.0,0.0,0.0,0.0,0.0,0.0,0.0,0.0,0.0024831867696288507,0.0,0.0,0.014176199428093568,0.0,0.05670479771237427,0.0,0.0,0.0,0.019865494157030806,0.014899120617773105,0.0,0.0,0.0,0.027315054465917362,0.0,0.0,0.0,0.0,0.0,0.0,0.0,0.0,0.0,0.0,0.0,0.17011439313712282,0.007088099714046784,0.0,0.0,0.0,0.042528598284280704
hpq,2019,0.017769740946285976,0.02674011768982761,0.007481996187909885,0.0,0.0,0.002805748570466207,0.0,0.0009352495234887356,0.02805748570466207,0.025251737134195863,0.0,0.005611497140932414,0.022619752110771094,0.0,0.0,0.0,0.0,0.0,0.00654674666442115,0.003438015131549264,0.0,0.0,0.0,0.0,0.010314045394647793,0.0019100084064162578,0.017572077339029574,0.0,0.0009352495234887356,0.1992081485031007,0.0,0.0,0.0,0.002674011768982761,0.006494028581815277,0.0,0.0009352495234887356,0.0,0.011460050438497547,0.0038200168128325156,0.005611497140932414,0.002805748570466207,0.0,0.0,0.0,0.0,0.0,0.0,0.0,0.0,0.14122267804679908,0.0018704990469774713,0.0,0.0,0.0009352495234887356,0.00654674666442115
IBM,2019,0.035163221625691056,0.01737776728413145,0.0,0.0,0.0,0.008790805406422764,0.0,0.004395402703211382,0.0,0.030767818922479675,0.0,0.017581610812845528,0.013906336405605723,0.0,0.0,0.0,0.0,0.0,0.02197701351605691,0.0,0.0,0.0,0.004395402703211382,0.0,0.0248253818344735,0.006206345458618375,0.045926956393775975,0.004395402703211382,0.004395402703211382,0.03955862432890244,0.0,0.0,0.0,0.00248253818344735,0.0049650763668947,0.026372416219268294,0.0,0.004395402703211382,0.02234284365102615,0.0,0.004395402703211382,0.004395402703211382,0.0,0.0,0.0,0.004395402703211382,0.0,0.0,0.0,0.06953168202802862,0.36042302166333334,0.013186208109634147,0.0,0.0,0.0,0.026372416219268294
INFY,2019,0.050638170604224556,0.1966695641436347,0.014066158501173487,0.0,0.0,0.016879390201408183,0.0,0.008439695100704091,0.0028132317002346973,0.008439695100704091,0.0,0.0028132317002346973,0.0,0.0,0.0,0.0,0.0,0.0,0.01125292680093879,0.0022605697028003986,0.0028132317002346973,0.0,0.03657201210305107,0.0,0.011302848514001995,0.003390854554200598,0.01582398791960279,0.014066158501173487,0.0,0.039385243803285765,0.0,0.0,0.0022605697028003986,0.014693703068202592,0.013563418216802393,0.0028132317002346973,0.0,0.0028132317002346973,0.04069025465040718,0.0011302848514001993,0.0,0.0,0.0,0.0,0.0,0.0,0.0,0.0,0.0,0.0,0.04501170720375516,0.008439695100704091,0.0,0.0,0.0,0.07314402420610214
IT,2019,0.0,0.0488456199794512,0.0,0.0,0.0,0.0028914537821830145,0.0,0.0028914537821830145,0.0,0.0,0.0,0.0,0.0,0.0,0.0,0.0,0.0,0.0,0.014457268910915073,0.0,0.0,0.0,0.017348722693098086,0.0,0.021166435324428853,0.0032563746652967468,0.03256374665296747,0.0028914537821830145,0.014457268910915073,0.017348722693098086,0.0,0.0,0.0,0.013025498661186987,0.013025498661186987,0.005782907564366029,0.0,0.0,0.0065127493305934935,0.0,0.0,0.005782907564366029,0.0,0.0,0.0,0.0,0.0,0.0,0.0,0.0,0.0,0.0,0.0,0.0,0.0028914537821830145,0.0202401764752811
JBL,2019,0.035188766206825116,0.14166519614531112,0.0,0.0,0.0,0.020107866403900065,0.0,0.015080899802925048,0.0,0.010053933201950032,0.0,0.005026966600975016,0.12363325549931259,0.0,0.0,0.0,0.0,0.0,0.0,0.002114405912616584,0.0,0.0,0.010053933201950032,0.0,0.014800841388316088,0.0,0.004228811825233168,0.0,0.0,0.09048539881755029,0.0,0.0,0.0,0.002114405912616584,0.008457623650466336,0.04524269940877514,0.0,0.0,0.012686435475699503,0.0,0.0,0.0,0.0,0.0,0.0,0.0,0.0,0.0,0.0,0.0,0.020107866403900065,0.025134833004875082,0.0,0.0,0.0,0.005026966600975016
KEM,2019,0.04807698481290023,0.21375622073053516,0.0,0.0,0.0,0.008012830802150038,0.0,0.024038492406450115,0.016025661604300075,0.008012830802150038,0.0,0.024038492406450115,0.020933516060466586,0.0,0.0,0.0,0.0,0.0,0.008012830802150038,0.0,0.0,0.0,0.016025661604300075,0.0,0.007916897064093894,0.0,0.01583379412818779,0.0,0.0,0.1041668004279505,0.0,0.0,0.0,0.011875345596140842,0.003958448532046947,0.016025661604300075,0.0,0.0,0.019792242660234736,0.003958448532046947,0.0,0.024038492406450115,0.0,0.0,0.0,0.0,0.0,0.0,0.0,0.0,0.1282052928344006,0.0,0.0,0.0,0.0,0.008012830802150038
KEYS,2019,0.007942388361270746,0.02655503960248967,0.0,0.0,0.0,0.0,0.0,0.0,0.0019855970903176865,0.003971194180635373,0.0,0.003971194180635373,0.04804593003835269,0.0,0.0,0.0037935770860699526,0.0,0.0,0.0019855970903176865,0.0025290513907133016,0.0,0.0,0.009927985451588434,0.0,0.01264525695356651,0.0025290513907133016,0.0012645256953566508,0.0019855970903176865,0.00595679127095306,0.08140948070302514,0.0,0.0,0.0,0.0025290513907133016,0.0012645256953566508,0.0,0.0,0.0,0.013909782648923159,0.0,0.0019855970903176865,0.017870373812859178,0.0,0.0,0.0,0.0,0.0,0.0,0.0,0.0,0.003971194180635373,0.0,0.0,0.0,0.0,0.007942388361270746
LDOS,2019,0.004831256138435649,0.042197380865888756,0.0,0.0,0.0,0.0016104187128118833,0.0,0.0016104187128118833,0.0,0.06441674851247532,0.0,0.0016104187128118833,0.010442381268102369,0.0,0.0,0.005626317448785168,0.0,0.0,0.009662512276871298,0.0,0.0,0.0016104187128118833,0.004831256138435649,0.0,0.010314915322772808,0.002813158724392584,0.030007026393520896,0.011272930989683181,0.0,0.019325024553742597,0.0,0.0,0.000937719574797528,0.010314915322772808,0.00937719574797528,0.01610418712811883,0.0,0.0,0.006564037023582696,0.0,0.0,0.0,0.0,0.0,0.0,0.0,0.0,0.0,0.0,0.0,0.011272930989683181,0.0,0.0,0.0,0.008052093564059415,0.006441674851247533
LPL,2019,0.04224905287603711,0.04057441609194697,0.0,0.0,0.0,0.0,0.0,0.0,0.0030177894911455083,0.015088947455727541,0.0,0.05733800033176466,0.0,0.0,0.0,0.0,0.01758224697317702,0.0,0.0060355789822910165,0.0,0.0,0.012071157964582033,0.0030177894911455083,0.0,0.004057441609194697,0.0,0.0,0.0,0.0,0.06639136880520118,0.0,0.0,0.0,0.014877285900380555,0.0027049610727964647,0.009053368473436525,0.0030177894911455083,0.0,0.010819844291185859,0.0,0.0,0.0,0.0030177894911455083,0.0,0.0,0.0,0.0,0.0,0.0,0.0,0.21124526438018557,0.0,0.0,0.0,0.0,0.030177894911455082
LXK,2019,0.017216830585065027,0.028529226341532998,0.0,0.0,0.0,0.032711978111623546,0.0,0.0,0.003443366117013005,0.010330098351039015,0.0,0.018938513643571527,0.0,0.0,0.0,0.0,0.0,0.0,0.003443366117013005,0.027102765024456348,0.0,0.0,0.0017216830585065025,0.0,0.014977843829304824,0.0007132306585383249,0.0021396919756149746,0.0,0.0,0.1360129616220137,0.0,0.0,0.0,0.007132306585383249,0.0014264613170766498,0.0017216830585065025,0.0,0.0,0.009271998560998224,0.0,0.0,0.0017216830585065025,0.0,0.0,0.0,0.0,0.0,0.0,0.0,0.0,0.003443366117013005,0.00688673223402601,0.0,0.0,0.0,0.0017216830585065025
MAXR,2019,0.023543754198123053,0.06726098464076129,0.0,0.0,0.0,0.0023543754198123053,0.0,0.0023543754198123053,0.016480627938686137,0.0023543754198123053,0.0,0.0,0.0,0.0,0.0023543754198123053,0.0091201335106117,0.0011400166888264624,0.0,0.007063126259436916,0.0,0.0023543754198123053,0.0,0.0023543754198123053,0.0,0.014820216954744012,0.012540183577091088,0.07410108477372006,0.0,0.0023543754198123053,0.06827688717455685,0.0,0.0,0.0,0.0034200500664793875,0.012540183577091088,0.0,0.0,0.0047087508396246106,0.05358078437484374,0.0034200500664793875,0.014126252518873832,0.007063126259436916,0.0,0.0,0.0,0.0,0.0,0.0,0.0,0.0,0.037670006716996884,0.0047087508396246106,0.0,0.0,0.0,0.009417501679249221
MSI,2019,0.0038343174946180378,0.00899312485471877,0.0,0.0,0.0,0.0,0.0,0.0038343174946180378,0.026840222462326264,0.01917158747309019,0.0,0.0038343174946180378,0.08351266570260298,0.0,0.0,0.0,0.0,0.0,0.011502952483854113,0.0,0.0,0.0,0.0,0.0,0.05171046791463293,0.0022482812136796924,0.03822078063255477,0.03450885745156234,0.0,0.01917158747309019,0.0,0.0,0.0,0.011241406068398461,0.0022482812136796924,0.0,0.0,0.015337269978472151,0.013489687282078154,0.0,0.0,0.0038343174946180378,0.0,0.0038343174946180378,0.0,0.0,0.0,0.0,0.0,0.0,0.08052066738697879,0.0,0.0,0.0,0.0,0.0076686349892360756
MU,2019,0.053488875331496814,0.3758137410614144,0.0,0.0,0.0,0.0044574062776247345,0.0,0.0,0.0,0.026744437665748407,0.0,0.0,0.08078631902719248,0.0,0.0,0.003914726469389733,0.0,0.0,0.008914812555249469,0.0,0.0,0.0,0.0044574062776247345,0.0,0.033275174989812736,0.0,0.031317811755117865,0.0,0.0,0.09360553183011942,0.0,0.0,0.0,0.007829452938779466,0.0,0.0044574062776247345,0.0,0.0,0.02544572205103327,0.0,0.0044574062776247345,0.11143515694061835,0.0,0.0,0.0,0.0,0.0,0.0,0.0,0.0,0.02228703138812367,0.008914812555249469,0.0,0.0,0.0,0.0044574062776247345
PRO,2019,0.0,0.007365895452772247,0.016177502706648094,0.0,0.0,0.0,0.0,0.016177502706648094,0.0,0.0,0.0,0.0,0.0,0.0,0.0,0.0,0.0,0.0,0.0,0.0,0.0,0.0,0.0,0.0,0.014731790905544493,0.0,0.04419537271663348,0.016177502706648094,0.04853250811994428,0.0,0.0,0.0,0.0,0.03682947726386123,0.007365895452772247,0.0,0.0,0.0,0.014731790905544493,0.0,0.0,0.0,0.0,0.0,0.0,0.0,0.0,0.0,0.0,0.0,0.11324251894653665,0.016177502706648094,0.0,0.0,0.0,0.06471001082659238
RHT,2019,0.0,0.07809990364125255,0.0,0.0,0.0,0.0,0.0,0.0,0.0,0.0,0.0,0.0,0.0,0.0,0.0,0.014643731932734853,0.0,0.0,0.009892266331014074,0.0,0.0,0.0,0.0,0.0,0.029287463865469706,0.0,0.014643731932734853,0.0,0.0,0.0,0.0,0.0,0.0,0.004881243977578284,0.0,0.0,0.0,0.0,0.039049951820626275,0.0,0.0,0.0,0.0,0.0,0.0,0.0,0.0,0.0,0.0,0.0,0.019784532662028148,0.0,0.0,0.0,0.0,0.06924586431709852
SE,2019,0.05133123944474388,0.061951638116516196,0.006159748733369266,0.0,0.0,0.006159748733369266,0.0,0.006159748733369266,0.016425996622318043,0.016425996622318043,0.0,0.020532495777897553,0.0,0.0,0.0,0.0,0.0,0.0,0.008212998311159021,0.03469291734524907,0.0,0.0,0.008212998311159021,0.0,0.0037170982869909716,0.0018585491434954858,0.0037170982869909716,0.0,0.0,0.018479246200107796,0.0,0.0,0.0006195163811651619,0.0,0.004956131049321295,0.0,0.0,0.0,0.024780655246606477,0.0024780655246606476,0.0,0.0,0.0,0.0,0.0,0.0,0.0,0.0,0.0,0.0,0.09034298142274923,0.0,0.0,0.0,0.0,0.016425996622318043
SHOP,2019,0.03764082841449032,0.1813953650528428,0.02258449704869419,0.0,0.0,0.0,0.0,0.0,0.0,0.007528165682898063,0.0,0.0,0.0,0.0,0.0,0.0,0.0,0.0,0.015056331365796125,0.0,0.0,0.0,0.007528165682898063,0.0,0.049471463196229845,0.0054968292440255384,0.0,0.0,0.0,0.007528165682898063,0.0,0.0,0.0,0.0,0.016490487732076616,0.0,0.0,0.0,0.016490487732076616,0.07145878017233201,0.0,0.0,0.0,0.0,0.0,0.0,0.0,0.0,0.0,0.0,0.0,0.0,0.0,0.0,0.0,0.0
SNE,2019,0.028991048266297736,0.11987641831470194,0.0,0.0,0.0,0.0006442455170288386,0.0,0.0012884910340576771,0.0,0.006442455170288386,0.0,0.021904347578980514,0.0040726714395176175,0.0,0.0,0.00026288688226908325,0.0,0.0,0.008375191721374901,0.009201040879417912,0.0,0.0025769820681153543,0.14753222339960403,0.0,0.005520624527650748,0.00026288688226908325,0.004206190116305332,0.0,0.0,0.21388951165357442,0.0,0.0,0.0,0.002103095058152666,0.002628868822690832,0.006442455170288386,0.0,0.0006442455170288386,0.008412380232610664,0.0,0.0006442455170288386,0.0057982096532595475,0.0,0.0,0.0,0.0,0.0,0.0,0.0,0.003258137151614094,0.014173401374634449,0.0,0.0,0.0,0.1385127861612003,0.14431099581445986
STM,2019,0.04157853401662876,0.18025499071941956,0.0,0.0,0.0,0.013859511338876255,0.0,0.0,0.04157853401662876,0.013859511338876255,0.0,0.0,0.0,0.0,0.0,0.0,0.0,0.0,0.06929755669438127,0.0,0.0,0.0,0.0,0.0,0.023511520528619944,0.0,0.039185867547699905,0.0,0.0,0.11087609071101004,0.0,0.0,0.0,0.0,0.01567434701907996,0.0,0.0,0.0,0.10188325562401976,0.0,0.0,0.013859511338876255,0.0,0.0,0.0,0.0,0.0,0.0,0.0,0.0,0.04157853401662876,0.0,0.0,0.0,0.0,0.0
TDC,2019,0.0,0.040939163480496595,0.0,0.0,0.0,0.0,0.0,0.0018837636979611545,0.0,0.0,0.0,0.003767527395922309,0.06852458207848992,0.0,0.0,0.00272927756536644,0.0,0.0,0.009418818489805773,0.0,0.0,0.0,0.0018837636979611545,0.0,0.0136463878268322,0.00409391634804966,0.02183422052293152,0.0,0.0,0.04709409244902887,0.0,0.0,0.0,0.00136463878268322,0.0,0.003767527395922309,0.0,0.0,0.00545855513073288,0.0,0.0,0.0018837636979611545,0.0,0.0,0.0,0.0,0.0,0.0,0.0,0.0,0.003767527395922309,0.013186345885728082,0.0,0.0,0.0018837636979611545,0.028256455469417317
TEL,2019,0.0015374197613939454,0.04549206690867626,0.0,0.0,0.0,0.0005124732537979818,0.0,0.0,0.0,0.0,0.0,0.0,0.0005406890628295469,0.0,0.0,0.0009477513939307554,0.0,0.0,0.0010249465075959636,0.0,0.0005124732537979818,0.0,0.0010249465075959636,0.0,0.002843254181792266,0.0,0.0018955027878615107,0.0,0.0,0.007687098806969728,0.0,0.0,0.0,0.0,0.0,0.0,0.0,0.0,0.037910055757230214,0.0,0.0005124732537979818,0.0010249465075959636,0.0,0.0,0.0,0.0,0.0,0.0,0.0,0.0,0.006662152299373764,0.0,0.0,0.0,0.0005124732537979818,0.0005124732537979818
TGNA,2019,0.03578281334822566,0.03444580233985787,0.0,0.0,0.0,0.0,0.0,0.0,0.03578281334822566,0.023855208898817107,0.0,0.011927604449408553,0.0,0.0,0.0,0.0,0.0,0.0,0.0,0.0,0.0,0.0,0.0,0.0,0.017222901169928934,0.011481934113285956,0.005740967056642978,0.0,0.0,0.023855208898817107,0.0,0.0,0.0,0.005740967056642978,0.03444580233985787,0.0,0.0,0.0,0.017222901169928934,0.0,0.0,0.0,0.0,0.0,0.0,0.0,0.0,0.0,0.0,0.0,0.0,0.0,0.0,0.0,0.0,0.047710417797634214
TV,2019,0.054990935834944875,0.07524101120971255,0.0,0.0,0.0,0.009165155972490813,0.0,0.0,0.013747733958736219,0.009165155972490813,0.0,0.03207804590371784,0.0,0.0,0.0,0.0036702932297420754,0.0018351466148710377,0.0,0.0045825779862454065,0.0,0.0,0.0,0.009165155972490813,0.0,0.005505439844613113,0.007340586459484151,0.011010879689226226,0.0,0.0045825779862454065,0.05957351382119028,0.0,0.0,0.0,0.0018351466148710377,0.014681172918968302,0.0,0.0,0.0,0.014681172918968302,0.005505439844613113,0.0,0.0,0.0,0.0045825779862454065,0.0,0.0,0.0,0.0,0.0,0.0,0.10081671569739893,0.0,0.0,0.0,0.0,0.06415609180743569
TYL,2019,0.0,0.0,0.0254575752966978,0.0,0.0,0.0,0.0,0.0,0.0,0.0,0.0,0.0,0.0,0.0,0.0,0.0,0.0,0.0,0.0254575752966978,0.03157938475905064,0.0,0.0,0.0,0.0,0.06315876951810127,0.0,0.01578969237952532,0.0,0.0254575752966978,0.0,0.0,0.0,0.0,0.01578969237952532,0.0,0.0,0.0,0.0,0.0,0.0,0.0,0.0,0.0,0.0,0.0,0.0,0.0,0.0,0.0,0.0,0.0,0.0,0.0,0.0,0.0,0.1018303011867912
VZ,2019,0.07166222783092716,0.020605989762448988,0.01194370463848786,0.0,0.0,0.008957778478865894,0.0,0.01194370463848786,0.00597185231924393,0.03583111391546358,0.0,0.0,0.0822578729950296,0.0,0.01791555695773179,0.0013737326508299324,0.0,0.0,0.00597185231924393,0.028848385667428582,0.0,0.002985926159621965,0.002985926159621965,0.0,0.01648479180995919,0.012363593857469393,0.04808064277904764,0.002985926159621965,0.00597185231924393,0.09853556326752484,0.0,0.0,0.0,0.006868663254149663,0.009616128555809527,0.002985926159621965,0.0,0.0,0.017858524460789123,0.0027474653016598648,0.0,0.0,0.0,0.0,0.0,0.002985926159621965,0.0,0.0,0.0,0.0,0.01194370463848786,0.002985926159621965,0.0,0.0,0.008957778478865894,0.020901483117353754
WDAY,2019,0.01096343607867437,0.059242680380982356,0.01534881051014412,0.0,0.0,0.0,0.0,0.02631224658881849,0.02192687215734874,0.004385374431469749,0.0,0.0,0.0,0.0,0.0,0.008131348287585815,0.0034848635518224917,0.0,0.004385374431469749,0.0,0.0,0.0,0.006578061647204623,0.0,0.05459619564521904,0.0069697271036449834,0.008131348287585815,0.006578061647204623,0.004385374431469749,0.01534881051014412,0.0,0.0021926872157348744,0.0011616211839408305,0.0034848635518224917,0.026717287230639104,0.017541497725878995,0.0,0.004385374431469749,0.024394044862757442,0.0011616211839408305,0.0,0.0,0.0,0.0021926872157348744,0.0,0.0,0.0,0.0,0.0,0.02492750406332994,0.03946836988322774,0.01973418494161387,0.0,0.0,0.006578061647204623,0.008770748862939498
XRX,2019,0.019276304828080817,0.03597094280974815,0.0,0.0,0.0,0.0038552609656161635,0.0,0.0,0.019276304828080817,0.015421043862464654,0.0,0.011565782896848491,0.11292731634249373,0.0,0.0,0.01156208876027619,0.0,0.0,0.015421043862464654,0.005138706115678307,0.0,0.0,0.0038552609656161635,0.0,0.017985471404874075,0.0,0.015416118347034921,0.0038552609656161635,0.011565782896848491,0.05011839255301013,0.0,0.0,0.0,0.0077080591735174606,0.0,0.0038552609656161635,0.0,0.0038552609656161635,0.014131441818115344,0.0,0.0,0.0038552609656161635,0.0,0.0,0.0,0.0,0.0,0.0,0.0,0.0,0.011565782896848491,0.0,0.0,0.0,0.0,0.023131565793696983
ZEN,2019,0.0,0.004609518712088792,0.007353935233603991,0.0,0.0,0.007353935233603991,0.0,0.007353935233603991,0.014707870467207982,0.0,0.0,0.0,0.0,0.0,0.0,0.0,0.0,0.0,0.022061805700811975,0.0,0.0,0.0,0.007353935233603991,0.0,0.02304759356044396,0.027657112272532754,0.04148566840879913,0.007353935233603991,0.014707870467207982,0.0,0.0,0.0,0.0,0.0,0.0,0.0,0.0,0.0,0.004609518712088792,0.0,0.0,0.0,0.0,0.0,0.0,0.0,0.0,0.0,0.0,0.0,0.0,0.0,0.0,0.0,0.0,0.0
ESIGF,2019,0.009778694362063134,0.012302264655543411,0.0,0.0,0.0,0.004889347181031567,0.0,0.0,0.004889347181031567,0.0,0.0,0.004889347181031567,0.0,0.0,0.0,0.0,0.0,0.0,0.0,0.0,0.0,0.0,0.0,0.0,0.0020503774425905687,0.0,0.0041007548851811374,0.0,0.0,0.019557388724126268,0.0,0.0,0.0,0.0,0.006151132327771706,0.0,0.0,0.0,0.0389571714092208,0.0,0.0,0.0,0.0,0.0,0.0,0.0,0.0,0.0,0.0,0.0,0.029336083086189402,0.0,0.0,0.0,0.0,0.004889347181031567
FJTSF,2019,0.04885202253809029,0.10834951875477218,0.0,0.0,0.0,0.001110273239502052,0.0,0.0,0.001110273239502052,0.02109519155053899,0.0,0.061065028172612855,0.0020657894432839163,0.0,0.0,0.0,0.0008917655864590303,0.0,0.004441092958008208,0.0008917655864590303,0.0,0.0,0.001110273239502052,0.0,0.01293060100365594,0.0017835311729180606,0.010255304244278849,0.0,0.0,0.1132478704292093,0.0,0.0,0.0,0.0,0.0013376483796885455,0.007771912676514363,0.0,0.0,0.007580007484901757,0.0,0.0,0.0,0.0,0.0,0.0,0.002220546479004104,0.0,0.0,0.0,0.0041315788865678325,0.04885202253809029,0.001110273239502052,0.0,0.0,0.0,0.04885202253809029
NDCVF,2019,0.02929508702434913,0.009430384257388019,0.0,0.0,0.0,0.009765029008116377,0.0,0.0,0.0,0.019530058016232754,0.0,0.009765029008116377,0.0,0.0,0.0,0.0,0.0,0.0,0.0,0.0,0.0,0.0,0.005859017404869826,0.0,0.00785865354782335,0.0,0.0,0.013671040611362928,0.0,0.04296612763571206,0.0,0.0,0.0,0.0,0.0047151921286940094,0.0,0.0,0.0,0.01414557638608203,0.0,0.003906011603246551,0.007812023206493102,0.0,0.0,0.0,0.0,0.0,0.0,0.0,0.0,0.01757705221460948,0.0,0.0,0.0,0.0,0.007812023206493102
SEKEY,2019,0.03165867053186179,0.12856513610156312,0.0,0.0,0.0,0.002435282348604753,0.0,0.002435282348604753,0.0,0.017046976440233272,0.0,0.014611694091628519,0.0,0.0,0.0,0.0,0.0,0.0,0.0,0.001303025028056383,0.0,0.0,0.0012176411743023766,0.0,0.004777758436206737,0.0008686833520375886,0.004343416760187943,0.0,0.0,0.06453498223802595,0.0,0.0,0.0,0.001303025028056383,0.004343416760187943,0.012176411743023766,0.0,0.0,0.014333275308620212,0.0,0.0012176411743023766,0.008523488220116636,0.0,0.0,0.0,0.0,0.0,0.0,0.0,0.0,0.007305847045814259,0.0012176411743023766,0.0,0.0,0.0,0.019482258788838025
SSDIY,2019,0.09231990522092427,0.10769319910624225,0.0,0.0,0.0,0.01258907798467149,0.0,0.00419635932822383,0.0,0.006294538992335745,0.0,0.01678543731289532,0.10827077090307144,0.0,0.0,0.0018729252018476912,0.0018729252018476912,0.002098179664111915,0.0,0.0018729252018476912,0.0,0.00419635932822383,0.002098179664111915,0.0,0.004682313004619228,0.00655523820646692,0.0009364626009238456,0.0,0.0,0.07343628824391703,0.0,0.0,0.0,0.0,0.0,0.0,0.0,0.0,0.02528449022494383,0.0,0.0,0.002098179664111915,0.0,0.0,0.0,0.0,0.0,0.0,0.0,0.0,0.02517815596934298,0.0,0.0,0.0,0.0,0.0
TCS,2019,0.013886359239893903,0.2022035162797552,0.0,0.0,0.0,0.027772718479787805,0.0,0.004628786413297968,0.06480300978617155,0.023143932066489837,0.0,0.004628786413297968,0.0,0.0,0.0,0.0,0.0,0.0,0.037030291306383745,0.009911937072537019,0.0,0.023143932066489837,0.004628786413297968,0.0,0.015859099316059232,0.005947162243522212,0.009911937072537019,0.009257572826595936,0.004628786413297968,0.0,0.0,0.0,0.005947162243522212,0.003964774829014808,0.005947162243522212,0.0,0.0,0.0,0.05352446019169991,0.003964774829014808,0.0,0.013886359239893903,0.0,0.0,0.0,0.0,0.0,0.0,0.0,0.0,0.046287864132979674,0.03240150489308578,0.0,0.004628786413297968,0.009257572826595936,0.05554543695957561
QBR,2019,0.022153951024868453,0.0,0.0,0.0,0.0,0.044307902049736905,0.0,0.0,0.0,0.033230926537302675,0.0,0.0,0.0,0.0,0.0,0.0,0.0,0.0,0.0,0.0,0.0,0.0,0.0,0.0,0.005240920273193237,0.0,0.005240920273193237,0.0,0.0,0.0,0.0,0.0,0.0,0.010481840546386473,0.005240920273193237,0.011076975512434226,0.0,0.0,0.005240920273193237,0.005240920273193237,0.0,0.0,0.0,0.0,0.0,0.0,0.0,0.0,0.0,0.0,0.09969277961190803,0.0,0.0,0.0,0.0,0.05538487756217113
T,2019,0.01573041651537045,0.10279048781303657,0.01123601179669318,0.0,0.0,0.0022472023593386363,0.0,0.0,0.0,0.006741607078015908,0.0,0.008988809437354545,0.0,0.0,0.0022472023593386363,0.0,0.0,0.0,0.0022472023593386363,0.015813921202005626,0.0,0.0022472023593386363,0.0022472023593386363,0.0,0.006918590525877462,0.008895330676128166,0.007906960601002813,0.008988809437354545,0.004494404718677273,0.09213529673288408,0.0,0.0,0.0,0.003953480300501406,0.02470925187813379,0.013483214156031816,0.0,0.0,0.007906960601002813,0.0,0.0,0.0,0.0,0.0,0.0,0.0,0.0,0.0,0.0,0.0,0.27865309255799087,0.006741607078015908,0.0,0.0,0.0022472023593386363,0.020224821234047726
